,User,Date,Tweet Count,Tweet,Compound Score,Positive Score,Neutral Score,Negative Score
499,@FoxNews,2018-08-01 14:55:00+00:00,99,".@SteveHiltonx: ""You hear the critics of @POTUS say, 'He's starting this trade war.' No, it was @BillClinton who st‚Ä¶ https://t.co/OBb6qAMFIs",-0.5267,0.0,0.804,0.196
399,@CBSNews,2018-08-01 07:18:04+00:00,99,Kroger threatens to ban Visa cards https://t.co/L5I1I0hmgK https://t.co/ZzUrK4HFEg,-0.7351,0.0,0.492,0.508
99,@nytimes,2018-08-01 02:02:03+00:00,99,"A giant colony of 500,000 breeding pairs of king penguins has lost 90% of its population since 1982, according to a‚Ä¶ https://t.co/0R7powHbgN",-0.3182,0.0,0.897,0.103
299,@BBCWorld,2018-07-31 00:44:23+00:00,99,Fast fashion: Inside the fight to end the silence on waste https://t.co/u6PCrBbNCm,-0.6597,0.0,0.649,0.351
199,@cnn,2018-08-01 13:33:01+00:00,99,One of Australia's largest hotel chains has been fined $2.2 million for trying to prevent negative TripAdvisor revi‚Ä¶ https://t.co/3wptwghRST,-0.5574,0.05,0.78,0.17
398,@CBSNews,2018-08-01 07:33:04+00:00,98,"Iowa teen seriously hurt in ""Kiki"" challenge gone wrong https://t.co/YLl8ggmDsj https://t.co/SwNxTtBj2D",-0.7845,0.079,0.424,0.497
498,@FoxNews,2018-08-01 15:08:00+00:00,98,"Flames consume a home as the River Fire tears through Lakeport, California. https://t.co/5UMEK4NCBw",-0.5106,0.0,0.699,0.301
98,@nytimes,2018-08-01 02:17:03+00:00,98,"RT @nytpolitics: Alex Jones, the founder of InfoWars, is seeking over $100,000 in court costs from the parents of Noah Pozner, who died at‚Ä¶",-0.5574,0.0,0.865,0.135
198,@cnn,2018-08-01 13:40:06+00:00,98,"The Trump administration is making it easier to obtain coverage through short-term health insurance plans, which do‚Ä¶ https://t.co/FKaObm5dWm",0.4215,0.141,0.859,0.0
298,@BBCWorld,2018-07-31 00:54:45+00:00,98,UK man's rape conviction quashed in Sydney https://t.co/RXY0qDtVjG,-0.6908,0.0,0.598,0.402
97,@nytimes,2018-08-01 02:32:03+00:00,97,"It has been a bruising time for Billboard, involving allegations of editorial interference and inappropriate behavi‚Ä¶ https://t.co/ss2uVoGjOC",0.0,0.0,1.0,0.0
297,@BBCWorld,2018-07-31 01:52:42+00:00,97,"RT @bbcweather: #Winterlude will feel like a distant memory by this weekend, especially for those in the southern half of the country where‚Ä¶",0.3612,0.106,0.894,0.0
197,@cnn,2018-08-01 13:50:40+00:00,97,"President Trump says his attorney general, Jeff Sessions, should end special counsel Robert Mueller's investigation‚Ä¶ https://t.co/HwIatDbt0j",0.4019,0.153,0.847,0.0
497,@FoxNews,2018-08-01 15:16:10+00:00,97,Trump urges Attorney General Sessions to end Russia probe https://t.co/s7RZvoad0O,0.0,0.0,1.0,0.0
397,@CBSNews,2018-08-01 07:48:03+00:00,97,"Wraps and salads sold at Kroger, Trader Joe's recalled due to parasite concern https://t.co/YTssU6gyZR https://t.co/7WiASGIylx",0.0,0.0,1.0,0.0
296,@BBCWorld,2018-07-31 02:25:20+00:00,96,"North Korea 'working on new missiles', US officials say https://t.co/N84Oc6IKIS",0.0,0.0,1.0,0.0
96,@nytimes,2018-08-01 02:47:00+00:00,96,A Florida sheriff defended his decision not to arrest a white shooting suspect who killed an unarmed black man. ‚ÄúI‚Ä¶ https://t.co/6172xMTqXd,-0.6872,0.082,0.647,0.271
196,@cnn,2018-08-01 14:02:00+00:00,96,"On a hillside in Vietnam, giant hands extend, holding a new steel bridge that has attracted scores of visitors sinc‚Ä¶ https://t.co/SUBwF7KOVa",0.5423,0.209,0.791,0.0
496,@FoxNews,2018-08-01 15:18:00+00:00,96,".@HeyTammyBruce: Liberals still hysterical over Hillary Clinton's loss get their own 'disease' 
https://t.co/phlm9nxLI9",-0.34,0.0,0.764,0.236
396,@CBSNews,2018-08-01 08:03:03+00:00,96,"What to know about Ron DeSantis, GOP Florida gubernatorial candidate https://t.co/8vZPwLKKo9 https://t.co/uibBxdroiX",0.0,0.0,1.0,0.0
295,@BBCWorld,2018-07-31 02:40:07+00:00,95,"RT @AboutTheBBC: More women than ever before are watching, reading and listening to the BBC in #Afghanistan, thanks to @BBCWorldService htt‚Ä¶",0.4404,0.127,0.873,0.0
195,@cnn,2018-08-01 14:15:18+00:00,95,"Cody Wilson fired the first fully 3D printed gun in 2013. Not long after, he posted the blueprint for the weapon to‚Ä¶ https://t.co/ETorfONhIu",-0.8158,0.0,0.703,0.297
95,@nytimes,2018-08-01 03:02:02+00:00,95,"The small town of Blandford, Massachusetts, lost its entire police force when all 4 officers quit, saying their job‚Ä¶ https://t.co/oFancYvdKO",-0.3182,0.0,0.887,0.113
395,@CBSNews,2018-08-01 08:18:03+00:00,95,Upstate New York couple married for 78 years dies 2 days apart https://t.co/1LxmWrbhBV https://t.co/FkeZTaTMFy,0.0,0.0,1.0,0.0
495,@FoxNews,2018-08-01 15:20:51+00:00,95,Maxine Waters hit with FEC complaint over mailer money https://t.co/UDSNhxqgcM,-0.296,0.0,0.804,0.196
394,@CBSNews,2018-08-01 08:33:03+00:00,94,Vogue reportedly gave Beyonc√© editorial control of September cover and feature https://t.co/PSTTgVVJYQ https://t.co/szUBw2SGCy,0.0,0.0,1.0,0.0
194,@cnn,2018-08-01 14:24:30+00:00,94,President Trump calls on Attorney General Jeff Sessions to end special counsel Robert Mueller's investigation of Ru‚Ä¶ https://t.co/vgNUlIyhCB,0.4019,0.137,0.863,0.0
94,@nytimes,2018-08-01 03:17:05+00:00,94,RT @NYTFashion: One-piece swimsuits are more stylish anyway! https://t.co/aWY2lGcFnM,0.0,0.0,1.0,0.0
494,@FoxNews,2018-08-01 15:32:35+00:00,94,Deadly Northern California fire 35% contained; @Jeff_Journalist reports. https://t.co/scZo32yCnL,-0.34,0.0,0.769,0.231
294,@BBCWorld,2018-07-31 03:16:41+00:00,94,Backpackers attacked with shovel in Australian bush https://t.co/ZuioxsSWKf,-0.4588,0.0,0.7,0.3
393,@CBSNews,2018-08-01 08:48:03+00:00,93,"ISIS claims attack on cyclists in Tajikistan, releases video of purported cell https://t.co/YyFe7WmoPI https://t.co/kJGKlLxWep",-0.4767,0.0,0.807,0.193
193,@cnn,2018-08-01 14:35:00+00:00,93,"When he noticed a teen with autism was interested in what he was doing, this grocery store worker let him help stoc‚Ä¶ https://t.co/cZkwiozAnZ",0.6597,0.213,0.787,0.0
93,@nytimes,2018-08-01 03:32:03+00:00,93,"The remains of a Tuskegee Airman whose plane went down in 1944 have been identified, ending his daughter's quest fo‚Ä¶ https://t.co/oKEJOv2y3S",0.0,0.0,1.0,0.0
493,@FoxNews,2018-08-01 15:35:00+00:00,93,".@newtgingrich: ""84% of the American people believe sanctuary cities increase crime. 84%. Now, every Democrat in th‚Ä¶ https://t.co/NmPOp2vJp4",-0.296,0.106,0.734,0.161
293,@BBCWorld,2018-07-31 03:37:41+00:00,93,Lombok earthquake: 543 hikers evacuated from Mt Rinjani https://t.co/osNkO31id8,0.0,0.0,1.0,0.0
192,@cnn,2018-08-01 14:42:03+00:00,92,"Apple is this close to $1,000,000,000,000 https://t.co/egELuDwvDr https://t.co/Ogsk6BcZeY",0.0,0.0,1.0,0.0
492,@FoxNews,2018-08-01 15:43:47+00:00,92,".@CoryGardner: ""We have to continue this doctrine of maximum pressure."" https://t.co/rRXTed1c97",0.0,0.0,1.0,0.0
292,@BBCWorld,2018-07-31 05:49:49+00:00,92,False widow spider 'devours' native lizard https://t.co/JRGZdGVoCd,0.0,0.0,1.0,0.0
392,@CBSNews,2018-08-01 08:54:06+00:00,92,Korean War remains to head for Hawaii after repatriation ceremony https://t.co/oPIF5PqC8l https://t.co/uH7LTrP3g7,-0.5994,0.0,0.738,0.262
92,@nytimes,2018-08-01 03:47:02+00:00,92,"Aloha Poke Co., which sent cease-and-desist letters to restaurants with similar names, has apologized after being a‚Ä¶ https://t.co/7panJw26ec",0.3182,0.119,0.881,0.0
491,@FoxNews,2018-08-01 15:49:00+00:00,91,"On @AmericaNewsroom‚Äã, @SteveHiltonx pushed back on those accusing President Donald J. Trump‚Äã of starting a trade wa‚Ä¶ https://t.co/R5u9CwnilQ",-0.1779,0.0,0.904,0.096
291,@BBCWorld,2018-07-31 07:02:10+00:00,91,Does the death penalty deter rape in India? https://t.co/x214kpsRsn,-0.9118,0.0,0.341,0.659
191,@cnn,2018-08-01 14:50:16+00:00,91,"A top Australian supermarket is dropping plans to charge for plastic bags, saying shoppers have struggled to adjust‚Ä¶ https://t.co/guI78f6NNh",-0.1531,0.089,0.792,0.119
391,@CBSNews,2018-08-01 09:03:03+00:00,91,MoviePass outages send stock plunging https://t.co/2vtBlNGSmJ https://t.co/tE0qOEeMfP,0.0,0.0,1.0,0.0
91,@nytimes,2018-08-01 03:53:29+00:00,91,"Nationals 25, Mets 4: Mets Endure Most Lopsided Defeat in Franchise History https://t.co/TyukKqbwRD",-0.507,0.0,0.785,0.215
90,@nytimes,2018-08-01 04:07:03+00:00,90,"""This is really frightening if this is the new normal,"" said an energy industry analyst in Norway https://t.co/nMwkPhsTjq",-0.3384,0.097,0.741,0.162
290,@BBCWorld,2018-07-31 07:14:46+00:00,90,"RT @BBCNewsbeat: Fans have praised Chrissy Teigan for showing her 'mom bod' üôå
https://t.co/H21BRMFeYr",0.4939,0.211,0.789,0.0
490,@FoxNews,2018-08-01 15:56:00+00:00,90,"On @AmericaNewsroom, @newtgingrich slammed liberals for not acknowledging President @realDonaldTrump's economic acc‚Ä¶ https://t.co/mrkzyu0vQd",0.0,0.0,1.0,0.0
390,@CBSNews,2018-08-01 09:18:03+00:00,90,Rihanna becomes first black woman to grace cover of British Vogue's September issue https://t.co/EJfNGnM2eH https://t.co/DGvILpf04Y,0.4215,0.167,0.833,0.0
190,@cnn,2018-08-01 15:00:12+00:00,90,This app works like Tinder -- for female friendships https://t.co/pURh149lOF https://t.co/ILPAEBlsuV,0.6249,0.362,0.638,0.0
89,@nytimes,2018-08-01 04:20:30+00:00,89,Mueller Passes 3 Cases Focused on Illicit Foreign Lobbying to Prosecutors in New York https://t.co/8mva7NrkBl,0.3182,0.164,0.755,0.082
489,@FoxNews,2018-08-01 16:04:22+00:00,89,"Mollie Tibbetts' dad urges any witness to 'come forward,' says 'somebody knows something' https://t.co/FdHdLIFAvT",0.0,0.0,1.0,0.0
389,@CBSNews,2018-08-01 09:32:04+00:00,89,Chipotle reopens Ohio eatery possibly linked to illnesses https://t.co/BF7LqeziN6 https://t.co/SF8kdX0Ae1,-0.4939,0.0,0.738,0.262
189,@cnn,2018-08-01 15:10:05+00:00,89,A bipartisan group of senators is demanding twice-monthly updates on family reunification from the Trump administra‚Ä¶ https://t.co/lK0Nok54Vm,-0.2263,0.0,0.888,0.112
289,@BBCWorld,2018-07-31 07:47:23+00:00,89,India telecom chief denies losing dare to hackers https://t.co/VjFUWULMcW,-0.6597,0.0,0.565,0.435
388,@CBSNews,2018-08-01 09:39:06+00:00,88,Bugs and bark help Boy Scout survive nearly 37 hours alone in Wyoming wilderness https://t.co/OXY1haMaPg https://t.co/D5e0o6MRnd,0.1779,0.144,0.749,0.107
88,@nytimes,2018-08-01 04:22:01+00:00,88,"RT @NYTNational: ‚ö°Ô∏è ‚ÄúScorched Earth and Smoky Sky: What a California Wildfire Leaves Behind‚Äù

https://t.co/egXccw8EkH",0.0,0.0,1.0,0.0
188,@cnn,2018-08-01 15:22:02+00:00,88,A man cheated with someone else's wife and now it'll cost him $8.8 million https://t.co/8Vdw43XwMM https://t.co/vTSQ2xRfBJ,-0.5106,0.0,0.809,0.191
488,@FoxNews,2018-08-01 16:23:06+00:00,88,"Mollie Tibbetts' dad urges any witness to 'come forward,' says 'somebody knows something' - via @CristinaCorbin‚Ä¶ https://t.co/buLFTOMItn",0.0,0.0,1.0,0.0
288,@BBCWorld,2018-07-31 07:52:33+00:00,88,New Zealand sexist road sign changed by seven-year-old girl https://t.co/ooHEslKjhD,0.0,0.0,1.0,0.0
87,@nytimes,2018-08-01 04:42:05+00:00,87,An astrophysicist finds even more evidence for climate change on Earth ‚Äî in outer space https://t.co/KlN43UsIg7,0.0,0.0,1.0,0.0
187,@cnn,2018-08-01 15:30:08+00:00,87,"An average of 200 Nicaraguans a day are applying for asylum in neighboring Costa Rica, overwhelming the nation's im‚Ä¶ https://t.co/gIpvSm2Dig",0.0,0.0,1.0,0.0
287,@BBCWorld,2018-07-31 08:57:57+00:00,87,Zimbabwe election: Mnangagwa and Chamisa both upbeat https://t.co/42xf894DGv,0.0,0.0,1.0,0.0
387,@CBSNews,2018-08-01 09:48:04+00:00,87,"Young cancer patient goes viral with ""In My Feelings"" dance video https://t.co/iJWMPdwcaY https://t.co/WpkTN4wTwC",-0.6597,0.0,0.732,0.268
487,@FoxNews,2018-08-01 16:24:20+00:00,87,".@DavidAsmanfox: ""We just had a wage figure increase of 2.8%. We haven't had an increase like that in 10 years.""‚Ä¶ https://t.co/qmxGGGg9TV",0.7269,0.295,0.705,0.0
186,@cnn,2018-08-01 15:40:08+00:00,86,"President Trump used an odd example Tuesday night to call for stronger voter ID laws, saying that identification is‚Ä¶ https://t.co/E5cRRECoGh",0.0772,0.114,0.786,0.1
86,@nytimes,2018-08-01 05:02:05+00:00,86,"RT @nytopinion: Ida B. Wells, anti-lynching champion, finally gets her name on a street in Chicago. https://t.co/ZgF34gZoqc",0.7096,0.296,0.704,0.0
386,@CBSNews,2018-08-01 10:03:03+00:00,86,U.S. military boosts troop security after deadly Niger ambush https://t.co/LtrpdNzcPR https://t.co/InS4NNPuoY,0.5719,0.343,0.657,0.0
486,@FoxNews,2018-08-01 16:25:22+00:00,86,Missing college student Mollie Tibbetts' boyfriend tells Fox News Channel of residents in the small Iowa town: 'You‚Ä¶ https://t.co/yhE1cHS8CZ,-0.296,0.0,0.891,0.109
286,@BBCWorld,2018-07-31 09:21:52+00:00,86,"Miss Helen, shark stolen in a pram, recovering in US aquarium https://t.co/jPxIarATwO",-0.5859,0.0,0.652,0.348
285,@BBCWorld,2018-07-31 10:11:57+00:00,85,"The battle to stop former Islamic State fighters getting to Europe 

https://t.co/FFeNmOa2ne https://t.co/pUFcKzoKaS",-0.6124,0.0,0.625,0.375
85,@nytimes,2018-08-01 05:19:44+00:00,85,"His mother ran toward him, her heart racing. ""I cried and hugged him ‚Äî but he didn't even care. He stood there froz‚Ä¶ https://t.co/nO4UfYyt5K",-0.5255,0.068,0.738,0.193
485,@FoxNews,2018-08-01 16:26:47+00:00,85,".@HARRISFAULKNER: ""@TheDemocrats right now are struggling to figure out who their base is."" #Outnumbered https://t.co/C2SOPrzmeL",-0.4215,0.0,0.833,0.167
385,@CBSNews,2018-08-01 10:15:33+00:00,85,A federal judge issued a temporary restraining order to block access to the 10 blueprints that detail how to make 3‚Ä¶ https://t.co/7CV5C0xk5e,-0.4404,0.0,0.868,0.132
185,@cnn,2018-08-01 15:50:05+00:00,85,"With $1,000 in cash and a handwritten apology, a former waitress is trying to make things right after stealing mone‚Ä¶ https://t.co/OezH20h6Vn",-0.5423,0.055,0.776,0.169
284,@BBCWorld,2018-07-31 10:21:49+00:00,84,Southern Agricultural Show: 'Special' bull named supreme champion https://t.co/3GyOfgeXkj,0.8176,0.517,0.483,0.0
484,@FoxNews,2018-08-01 16:31:52+00:00,84,".@SenSchumer: ""The fly in the ointment here, of course, is @POTUS."" https://t.co/GzSiNiGfv6",0.0,0.0,1.0,0.0
384,@CBSNews,2018-08-01 10:19:52+00:00,84,Washington @Nationals set team scoring record after beating the New York @Mets by 21 runs Tuesday night‚Ä¶ https://t.co/HAnts6FENT,-0.4588,0.0,0.85,0.15
184,@cnn,2018-08-01 16:00:09+00:00,84,The Trump Tower meeting: A timeline https://t.co/gKsDVfaBUH https://t.co/VoiAoV1xKY,0.0,0.0,1.0,0.0
84,@nytimes,2018-08-01 05:36:50+00:00,84,"Florida has an algae problem, and it‚Äôs big. A toxic bloom in the waters off the state‚Äôs southwestern coast is killi‚Ä¶ https://t.co/jYlp7XXndg",-0.4019,0.0,0.881,0.119
483,@FoxNews,2018-08-01 16:41:08+00:00,83,Trump urges Attorney General Sessions to end Russia probe https://t.co/s7RZvoad0O,0.0,0.0,1.0,0.0
283,@BBCWorld,2018-07-31 10:42:08+00:00,83,Dareen Tatour: Israeli Arab poet sentenced for incitement https://t.co/6GLhP5wyDF,-0.0258,0.0,0.879,0.121
83,@nytimes,2018-08-01 05:56:33+00:00,83,"News of Laos Dam Failure Didn‚Äôt Reach Them, but the Water Did https://t.co/23TWO65fyh",-0.2732,0.074,0.775,0.151
383,@CBSNews,2018-08-01 10:28:38+00:00,83,"RT @CBSThisMorning: THIS MORNING: 
üîú@michaeljmorell on Facebook's discovery of fake accounts 
üîú@michaeljfoxorg's @racheldolhunmd discusses‚Ä¶",-0.4767,0.0,0.807,0.193
183,@cnn,2018-08-01 16:10:07+00:00,83,"A child's brain repaired itself after a full third of the right hemisphere was surgically removed, rewiring itself‚Ä¶ https://t.co/l4Jvv0AuLs",0.0,0.0,1.0,0.0
82,@nytimes,2018-08-01 06:02:05+00:00,82,RT @nytimesworld: Rumors are swirling in Tehran that secret talks with the United States may already be under way. The foreign minister of‚Ä¶,0.4215,0.113,0.887,0.0
282,@BBCWorld,2018-07-31 10:52:03+00:00,82,Colombia shoot-out kills eight in area hit by rebel feud https://t.co/IgOq5ouXWL,-0.7579,0.0,0.516,0.484
182,@cnn,2018-08-01 16:20:12+00:00,82,"Kroger is launching ""Kroger Ship,"" a direct home delivery service, in four cities: Cincinnati, Houston, Louisville,‚Ä¶ https://t.co/8sMmgVTBcO",0.0,0.0,1.0,0.0
482,@FoxNews,2018-08-01 16:48:37+00:00,82,".@newtgingrich: 'Good Chance' Manafort Wins at Trial, Making Mueller 'Look Like a Fool'
https://t.co/cuknpy32AY",0.802,0.505,0.364,0.132
382,@CBSNews,2018-08-01 10:29:52+00:00,82,AHEAD on @CBSThisMorning: We'll talk to former CIA insider @MichaelJMorell about a new coordinated campaign on Face‚Ä¶ https://t.co/50HVbHd3li,0.0,0.0,1.0,0.0
381,@CBSNews,2018-08-01 10:39:55+00:00,81,Korean War remains to head for Hawaii after repatriation ceremony https://t.co/bspKk5NHUX https://t.co/GNUZEk2Vck,-0.5994,0.0,0.738,0.262
81,@nytimes,2018-08-01 06:19:32+00:00,81,"New Jersey, in a first-of-its-kind initiative, has set aside millions to pay for community journalism. ""It‚Äôs one of‚Ä¶ https://t.co/o3Tq6hcRD4",-0.1027,0.0,0.924,0.076
181,@cnn,2018-08-01 16:30:06+00:00,81,Trump just went there on Jeff Sessions and the Russia investigation | Analysis by @CillizzaCNN‚Ä¶ https://t.co/qWwNQiVKWl,0.0,0.0,1.0,0.0
281,@BBCWorld,2018-07-31 11:24:12+00:00,81,Kenya's Tourism Minister sorry for saying 'go to hell' https://t.co/rj3SDevE6f,-0.7096,0.0,0.576,0.424
481,@FoxNews,2018-08-01 16:57:04+00:00,81,"NEWS ALERT: Awaiting @WhiteHouse press briefing - For full live coverage, tune in to Fox News Channel! https://t.co/ZsutH2TlSS",0.4981,0.168,0.832,0.0
80,@nytimes,2018-08-01 06:36:50+00:00,80,There it was: Glowering red on the dashboard of the sky like an astrological warning light next to the full Blood M‚Ä¶ https://t.co/h16wlMDCnI,0.0258,0.097,0.811,0.093
180,@cnn,2018-08-01 16:42:05+00:00,80,"The GDP report was great. Now what? Tune in to @CNNMoney's ""Markets Now"" at 12:45 p.m. ET to hear economist Lindsey‚Ä¶ https://t.co/VwoJPKFumj",0.6249,0.163,0.837,0.0
380,@CBSNews,2018-08-01 10:45:25+00:00,80,"One day after actor @AlanAlda revealed his Parkinson's diagnosis on @CBSThisMorning, we'll get an update on the eff‚Ä¶ https://t.co/5eMWbIKnnM",0.0,0.0,1.0,0.0
480,@FoxNews,2018-08-01 17:08:17+00:00,80,A crowd of early-risers gather near the summit of Cadillac Mountain in Acadia National Park to be among the first i‚Ä¶ https://t.co/YF4Tycn384,0.0,0.0,1.0,0.0
280,@BBCWorld,2018-07-31 12:01:26+00:00,80,Stranded Russian climber rescued after six-day ordeal in Pakistan https://t.co/oi8qbSW2yj,0.4215,0.237,0.763,0.0
379,@CBSNews,2018-08-01 10:59:33+00:00,79,"Top Putin foe ramps up ""Dossier"" project to spill Russians' secrets https://t.co/9YAvs2hxpA https://t.co/1CQDwDSQZN",-0.2732,0.115,0.701,0.185
479,@FoxNews,2018-08-01 17:13:32+00:00,79,A fire crew from San Luis Obispo County keeps an eye on an advancing wildfire from the perimeter of a residence Tue‚Ä¶ https://t.co/z2KTzOvVjY,-0.34,0.0,0.893,0.107
279,@BBCWorld,2018-07-31 12:08:32+00:00,79,Italian athlete Osakue fears climate of violence after attack https://t.co/QBjyCyfn2V,-0.875,0.0,0.412,0.588
179,@cnn,2018-08-01 16:44:03+00:00,79,‚ÄúI lead a very moderate life. I don‚Äôt do anything in excess. I don‚Äôt eat food until I get fat and that kind of thin‚Ä¶ https://t.co/IF1c4dExrt,0.0,0.0,1.0,0.0
79,@nytimes,2018-08-01 07:05:06+00:00,79,One Cambodian voter defaced his or her ballot with a lively reference to a dog‚Äôs anatomy. Others ticked every singl‚Ä¶ https://t.co/eJrY025AvH,0.0258,0.128,0.749,0.123
478,@FoxNews,2018-08-01 17:15:16+00:00,78,".@SenatorRisch: ""People need to be very, very careful about what they believe when they're on the Internet.""‚Ä¶ https://t.co/Oo612QJjym",0.2895,0.113,0.887,0.0
278,@BBCWorld,2018-07-31 12:23:52+00:00,78,Iranians criticise Trump's offer of talks https://t.co/NjlnmBuHcU,-0.4404,0.0,0.674,0.326
78,@nytimes,2018-08-01 07:18:06+00:00,78,RT @PekingMike: Important story on some pushback against Xi - must read. By ‚Å¶@ChuBailiang‚Å©  https://t.co/FRa3dyxP4Q,0.2023,0.122,0.878,0.0
378,@CBSNews,2018-08-01 11:19:47+00:00,78,Aerom√©xico Flight 2431 was carrying 99 passengers and four crew members when it went down in northern Mexico and bu‚Ä¶ https://t.co/azel346Hki,0.0,0.0,1.0,0.0
178,@cnn,2018-08-01 16:50:01+00:00,78,Women in various parts of South Africa have taken to the streets to protest the increasing levels of gender-based v‚Ä¶ https://t.co/e2yXqzHDKn,-0.25,0.0,0.909,0.091
477,@FoxNews,2018-08-01 17:24:21+00:00,77,".@GOPChairwoman: ""Complacency is the enemy of the party that takes the @WhiteHouse... Complacency is what we're mos‚Ä¶ https://t.co/fU0wxwuQId",-0.2023,0.122,0.721,0.158
377,@CBSNews,2018-08-01 11:40:12+00:00,77,"President Trump says the time has come for voter ID requirements because if ""you want to buy groceries you need a p‚Ä¶ https://t.co/uU6ym9Pemu",0.0772,0.058,0.942,0.0
277,@BBCWorld,2018-07-31 12:33:58+00:00,77,D√ºsseldorf neo-Nazi attack: Defendant acquitted of bomb blast https://t.co/J4AssUv1gj,-0.6486,0.14,0.42,0.441
177,@cnn,2018-08-01 17:00:18+00:00,77,Facebook and Instagram now reveal how much time you spend in each app https://t.co/GLWAJsGHjU https://t.co/RGrNJ5eX4d,0.0,0.0,1.0,0.0
77,@nytimes,2018-08-01 07:18:31+00:00,77,China‚Äôs Plan to Win Friends and Influence Includes Ski Slopes and Spas https://t.co/xK8ySAhcMY,0.7845,0.385,0.615,0.0
276,@BBCWorld,2018-07-31 12:36:38+00:00,76,Romanian police confiscate anti-government number plates https://t.co/nfC81DCEZ1,0.0772,0.178,0.822,0.0
176,@cnn,2018-08-01 17:05:01+00:00,76,"Tesla has successfully positioned itself as the future of automobiles. But in the present, Tesla doesn't make many‚Ä¶ https://t.co/wENwlfhKgN",0.4939,0.151,0.849,0.0
376,@CBSNews,2018-08-01 11:47:40+00:00,76,"RT @CBSThisMorning: A federal judge is temporarily blocking a gun rights organization from publishing blueprints for 3D-printed guns.

In a‚Ä¶",-0.6124,0.0,0.762,0.238
76,@nytimes,2018-08-01 07:32:06+00:00,76,"""You started understanding the life of the people, how they lived, what they thought, who they loved"" https://t.co/D64VSN8vlm",0.5994,0.187,0.813,0.0
476,@FoxNews,2018-08-01 17:24:59+00:00,76,".@GOPChairwoman: ""We need [@POTUS] on the trail to help us win in these midterms."" #OutnumberedOT https://t.co/xG8YTgz2wT",0.7579,0.317,0.683,0.0
375,@CBSNews,2018-08-01 11:53:56+00:00,75,"RT @CBSThisMorning: ""I believe that I am championing the second amendment in the 21st century."" -- @Radomysisky 

You think that's good for‚Ä¶",0.6908,0.231,0.769,0.0
175,@cnn,2018-08-01 17:10:06+00:00,75,A white police officer in Michigan who says he was taunted by fellow officers when he told them that he was part bl‚Ä¶ https://t.co/nSQdPfU7sH,0.0,0.0,1.0,0.0
75,@nytimes,2018-08-01 07:47:02+00:00,75,RT @nytopinion: Exploiting my family by having my sister disown me on state television was by far Iran's most ferocious attempt to shame me‚Ä¶,-0.7713,0.0,0.732,0.268
275,@BBCWorld,2018-07-31 12:46:06+00:00,75,Did MI5 miss chance to catch Manchester Arena bomber Salman Abedi? https://t.co/u7PPXhALlv,0.1027,0.147,0.735,0.118
475,@FoxNews,2018-08-01 17:26:41+00:00,75,".@GOPChairwoman: ""This list is more interesting for the omissions than for the people that [@BarackObama] put on it‚Ä¶ https://t.co/tUUVYmKD5c",0.4576,0.143,0.857,0.0
374,@CBSNews,2018-08-01 12:00:23+00:00,74,"""Traumatic"" or ""summer camp""? Officials offer different views on family separation: https://t.co/uYLxF37pCd https://t.co/1hKhCC8uyW",0.0,0.0,1.0,0.0
74,@nytimes,2018-08-01 08:02:02+00:00,74,"""Among everyone caught up in the #MeToo movement, only Mr. Moonves was so bold ‚Äî or so reckless ‚Äî as to start a civ‚Ä¶ https://t.co/C91XUrI0So",0.0959,0.128,0.759,0.114
174,@cnn,2018-08-01 17:20:44+00:00,74,"He lost his home in the California wildfires. But in the ashes, there was a priceless family heirloom.‚Ä¶ https://t.co/FZA8bznAi9",-0.3182,0.0,0.881,0.119
474,@FoxNews,2018-08-01 17:27:26+00:00,74,".@GOPChairwoman: ""We look at 2016 and we recognize it was a repudiation of @BarackObama... I don't think a lot of c‚Ä¶ https://t.co/IFHiiIW1bH",0.0,0.0,1.0,0.0
274,@BBCWorld,2018-07-31 12:53:23+00:00,74,German heatwave causes beer bottle shortage as sales surge https://t.co/62E1UN4pIv,-0.25,0.0,0.818,0.182
173,@cnn,2018-08-01 17:30:08+00:00,73,"A plane carrying 103 people crashed, then burned in Mexico and no one died https://t.co/zxwDOalDSg https://t.co/mWAVDZxNo8",-0.7003,0.0,0.691,0.309
73,@nytimes,2018-08-01 08:15:06+00:00,73,"RT @nytimesworld: ‚ÄúI don‚Äôt think the government realizes how bad the drought is,‚Äù one Australian cattle farmer said. ‚ÄúFarmers are past the‚Ä¶",-0.5423,0.0,0.857,0.143
373,@CBSNews,2018-08-01 12:02:43+00:00,73,"RT @CBSThisMorning: ""What I'm doing is legally protected... I will go to the appellate level, I will go to the Supreme Court. I will waste‚Ä¶",0.6124,0.2,0.8,0.0
473,@FoxNews,2018-08-01 17:28:19+00:00,73,".@GOPChairwoman on the Democratic Party: ""It's a divided party now. They're going further and further left.""‚Ä¶ https://t.co/TQdKewi5IU",0.6597,0.278,0.722,0.0
273,@BBCWorld,2018-07-31 13:06:21+00:00,73,'Bigfoot erotica' row turns Virginia congressional race ugly https://t.co/pdYtm6gON8,-0.5106,0.0,0.708,0.292
272,@BBCWorld,2018-07-31 13:26:28+00:00,72,Slovakia alarmed by pro-Putin Night Wolves bikers' base https://t.co/xkes4ataUX,-0.34,0.0,0.769,0.231
172,@cnn,2018-08-01 17:32:55+00:00,72,5 questions that could come up at today's White House press briefing: https://t.co/F7dPYgAi4u https://t.co/Xij2T3iJbI,0.0,0.0,1.0,0.0
72,@nytimes,2018-08-01 08:30:08+00:00,72,"""The touchpoint with ISIS is not by proximity to the caliphate but through the relationships they make online,"" sai‚Ä¶ https://t.co/VAwrV6KNpQ",0.0,0.0,1.0,0.0
472,@FoxNews,2018-08-01 17:29:00+00:00,72,".@GOPChairwoman: ""@BarackObama didn't get anything done for 8 years that helped average working class families.""‚Ä¶ https://t.co/RsgnohwF46",0.0,0.0,1.0,0.0
372,@CBSNews,2018-08-01 12:09:21+00:00,72,"RT @CBSThisMorning: ""There is nothing good that can come with Defense Distributed uploading these files.""  -- Po Murray, chairwoman of @New‚Ä¶",-0.6711,0.059,0.706,0.235
271,@BBCWorld,2018-07-31 13:38:57+00:00,71,Alaska Airlines: Gay man accuses company of discrimination https://t.co/37IMMxZbue,-0.34,0.0,0.769,0.231
371,@CBSNews,2018-08-01 12:09:25+00:00,71,RT @CBSThisMorning: .@Radomysisky argues it's impossible to police 3D-gun tech and believes he has a free speech right to publish the desig‚Ä¶,0.1779,0.133,0.763,0.104
171,@cnn,2018-08-01 17:34:02+00:00,71,"White House press secretary Sarah Sanders is holding a press briefing.

Watch on CNN: https://t.co/UYpqI3w42L¬†
Live‚Ä¶ https://t.co/JPAmXGacvz",0.0,0.0,1.0,0.0
71,@nytimes,2018-08-01 08:46:05+00:00,71,RT @nytimesworld: 3 Russian journalists who were investigating the activities of a private security company were killed in the Central Afri‚Ä¶,-0.4767,0.1,0.711,0.188
471,@FoxNews,2018-08-01 17:31:36+00:00,71,".@GOPChairwoman: ""People want President Trump's endorsement more than they want President Obama's."" #OutnumberedOT https://t.co/oR0NfCkH1x",0.4404,0.308,0.692,0.0
70,@nytimes,2018-08-01 09:00:05+00:00,70,"Police say a Connecticut man used dating apps to hunt women, including a nurse he met through Tinder who was murder‚Ä¶ https://t.co/lBWHxlaLq0",0.0,0.0,1.0,0.0
470,@FoxNews,2018-08-01 17:32:36+00:00,70,.@PressSec Sarah Sanders holds a @WhiteHouse press briefing. https://t.co/SSTYEFbRpp,0.0,0.0,1.0,0.0
370,@CBSNews,2018-08-01 12:09:30+00:00,70,"RT @CBSThisMorning: ""The guns are downloadable. The files are in the public domain you cannot take them back you can adjust your politics t‚Ä¶",0.0,0.0,1.0,0.0
170,@cnn,2018-08-01 17:40:00+00:00,70,Texans can now hitch a ride in this self-driving car as part of a pilot ride-sharing program https://t.co/21LiCE1bKP https://t.co/OT8xjOvzdc,0.0,0.0,1.0,0.0
270,@BBCWorld,2018-07-31 14:35:40+00:00,70,"RT @BBCNews: #HappyBirthdayHarryPotter!

This is how the boy wizard enchanted the world https://t.co/IUE40g5UtA https://t.co/nQQb1kjkMf",0.4389,0.182,0.818,0.0
369,@CBSNews,2018-08-01 12:09:53+00:00,69,"3D-printed gun blueprint maker Cody Wilson: ""I think access to the firearm is a fundamental human dignity. It's a f‚Ä¶ https://t.co/fGjfAhFU2O",0.0772,0.122,0.769,0.109
169,@cnn,2018-08-01 17:44:56+00:00,69,"‚ÄúIt‚Äôs not an order, it‚Äôs the President‚Äôs opinion,‚Äù White House press secretary Sarah Sanders says about President T‚Ä¶ https://t.co/TFeqQon1BW",0.0,0.0,1.0,0.0
469,@FoxNews,2018-08-01 17:32:41+00:00,69,"NEWS ALERT: Awaiting @WhiteHouse press briefing - For full live coverage, tune in to Fox News Channel! https://t.co/to9cui1hbd",0.4981,0.168,0.832,0.0
269,@BBCWorld,2018-07-31 14:37:16+00:00,69,Missing Malaysia flight MH370: Aviation chief quits over failings https://t.co/HMDmiqj3OJ,-0.6597,0.0,0.597,0.403
69,@nytimes,2018-08-01 09:15:08+00:00,69,Facebook said that it had identified a political influence campaign that was potentially built to disrupt the U.S.‚Ä¶ https://t.co/wuePI6gIjl,0.0,0.0,1.0,0.0
168,@cnn,2018-08-01 17:50:00+00:00,68,A 10-year-old named Clark Kent just beat a record that Michael Phelps held for 23 years https://t.co/h8fec2cSss https://t.co/VDKXxfO9ns,0.0,0.0,1.0,0.0
468,@FoxNews,2018-08-01 17:48:09+00:00,68,.@PressSec: ‚ÄúThe White House and FEMA have been actively monitoring the wildfires to ensure that federal assistance‚Ä¶ https://t.co/NppvYEkMXo,0.5994,0.234,0.766,0.0
268,@BBCWorld,2018-07-31 15:27:59+00:00,68,Mexico's Popocat√©petl volcano spews ash high into the sky https://t.co/iYESDgTIgj,0.0,0.0,1.0,0.0
368,@CBSNews,2018-08-01 12:19:38+00:00,68,"Thurman Blevins' family calls officers' account ""untrue"" and vows third-party investigation https://t.co/6c1qgfZCzU https://t.co/UVvT9sTitF",0.0,0.0,1.0,0.0
68,@nytimes,2018-08-01 09:32:05+00:00,68,The second-largest number of votes in Cambodia's general election went to a surprising beneficiary: no one https://t.co/jqco30UHC4,0.5106,0.314,0.58,0.106
67,@nytimes,2018-08-01 09:45:05+00:00,67,One construction firm used China's Belt and Road plan to justify a deal to build an amusement park in an Indonesian‚Ä¶ https://t.co/kfqohSMqPG,0.3612,0.111,0.889,0.0
167,@cnn,2018-08-01 18:00:01+00:00,67,"On a hillside in Vietnam, giant hands extend, holding a new steel bridge that has attracted scores of visitors sinc‚Ä¶ https://t.co/yGMEBIh3ti",0.5423,0.209,0.791,0.0
367,@CBSNews,2018-08-01 12:39:43+00:00,67,Thieves make motorboat getaway with Swedish crown jewels https://t.co/LJywUWpIRg https://t.co/OhTlfiL4MI,-0.0772,0.21,0.559,0.231
267,@BBCWorld,2018-07-31 15:38:52+00:00,67,"RT @BBCNorthAmerica: Have you been asked to relinquish your duties as a bridesmaid? Or, have you disinvited your bridesmaid or a guest from‚Ä¶",0.0,0.0,1.0,0.0
467,@FoxNews,2018-08-01 17:50:54+00:00,67,".@PressSec: ‚ÄúAt the president‚Äôs direction, the Department of Treasury is sanctioning Turkey‚Äôs Minister of Justice a‚Ä¶ https://t.co/6Rfv0qXXZy",0.6369,0.257,0.743,0.0
366,@CBSNews,2018-08-01 12:59:39+00:00,66,A former Playboy model who claims to have had an affair with a top fundraiser for President Trump wants him to pay‚Ä¶ https://t.co/fpY21NWEWp,0.2023,0.083,0.917,0.0
166,@cnn,2018-08-01 18:04:17+00:00,66,The US Treasury Department is sanctioning Turkey's ministers of justice and interior in response to the detention o‚Ä¶ https://t.co/8tN2FaYO2k,0.4019,0.219,0.675,0.105
466,@FoxNews,2018-08-01 17:54:14+00:00,66,.@PressSec: ‚ÄúThe president is going to continue to hold China responsible for their unfair trade practices. This ha‚Ä¶ https://t.co/88tPrwD83F,-0.2023,0.103,0.759,0.138
266,@BBCWorld,2018-07-31 15:41:32+00:00,66,"Disguised as a baby and stolen from an aquarium ü¶à

Now Miss Helen the horn shark is back where she belongs https://t.co/W6oQaqiiY1",-0.7096,0.0,0.711,0.289
66,@nytimes,2018-08-01 10:00:09+00:00,66,Morning¬†Briefing: Here's what you need to know to start your day https://t.co/q0Y7ThSrbe https://t.co/hlUo4wgDYx,0.0,0.0,1.0,0.0
265,@BBCWorld,2018-07-31 15:54:56+00:00,65,Full story: Shark 'recovering' after aquarium pram kidnap https://t.co/NjP7ki3LNh,0.0,0.0,1.0,0.0
165,@cnn,2018-08-01 18:10:06+00:00,65,A multi-state salmonella outbreak linked to pasta salad sold by Midwestern grocery store chain Hy-Vee has sickened‚Ä¶ https://t.co/8MhfypGaIM,0.0,0.0,1.0,0.0
365,@CBSNews,2018-08-01 13:20:27+00:00,65,HEARTWARMING: This grocery store employee helped an autistic teen and is being praised for making his dreams come t‚Ä¶ https://t.co/IDL6k9f0FZ,0.8668,0.364,0.636,0.0
65,@nytimes,2018-08-01 10:15:07+00:00,65,"Taiwan has been chosen as the first Asian host for the Oslo Freedom Forum, an international human rights conference  https://t.co/XChjLbVQe2",0.6369,0.181,0.819,0.0
465,@FoxNews,2018-08-01 18:02:14+00:00,65,"Bermuda Triangle mystery 'solved,' scientists claim https://t.co/tukmHC65Gg",0.0,0.0,1.0,0.0
264,@BBCWorld,2018-07-31 16:17:37+00:00,64,Florida paramedics 'racially profiled' dying woman https://t.co/Qc2Jm2KD8K,0.0,0.0,1.0,0.0
464,@FoxNews,2018-08-01 18:18:00+00:00,64,NJ brothers find 5 coveted 1952 Mickey Mantle cards in old collection https://t.co/Z0IbQAb5RS,0.0,0.0,1.0,0.0
64,@nytimes,2018-08-01 10:30:14+00:00,64,"Tommy Robinson, the jailed British far-right activist who has gained the support of figures like Stephen Bannon, wa‚Ä¶ https://t.co/qTO1AlmNmq",0.5574,0.3,0.577,0.123
164,@cnn,2018-08-01 18:20:12+00:00,64,Chefs Guy Fieri and Jos√© Andr√©s are doing everything they can to help feed the evacuees and first responders to Cal‚Ä¶ https://t.co/ANG3T8jVjJ,0.4019,0.114,0.886,0.0
364,@CBSNews,2018-08-01 13:35:20+00:00,64,"It's been a rough few days for big-cap technology stocks, but strong results from Apple on Tuesday pushed the stock‚Ä¶ https://t.co/AfIhJIomtE",0.6652,0.19,0.81,0.0
163,@cnn,2018-08-01 18:30:19+00:00,63,"The Federal Reserve is holding interest rates steady, for now https://t.co/rOMrxB4z33 https://t.co/A1D7wNOtwY",0.4588,0.214,0.786,0.0
463,@FoxNews,2018-08-01 18:21:19+00:00,63,".@ChrisStirewalt on Obama not endorsing red state Dems: ""This is an arrogant thing to do...He should stand back and‚Ä¶ https://t.co/isOh1vvowX",-0.4939,0.0,0.856,0.144
363,@CBSNews,2018-08-01 13:49:31+00:00,63,"A Canadian junior hockey player who survived a bus crash that killed 16 people, including many of his teammates, is‚Ä¶ https://t.co/VNKG3sVwML",-0.5994,0.125,0.604,0.272
263,@BBCWorld,2018-07-31 16:31:23+00:00,63,"Car crush TV üò±

60 luxury vehicles destroyed in Philippines smuggling crackdown https://t.co/B7JqzYrWT8 https://t.co/dWA5sY3GsM",-0.7845,0.0,0.559,0.441
63,@nytimes,2018-08-01 10:40:06+00:00,63,"""The church is immersed in a deep crisis, and those who committed abuses against minors have to pay for those crime‚Ä¶ https://t.co/z34sqali0m",-0.7906,0.074,0.603,0.323
62,@nytimes,2018-08-01 10:51:01+00:00,62,"RT @amyvirshup: Separated children at Cayuga Centers took the city by surprise, but in fact, it had been making itself into the biggest fos‚Ä¶",0.1406,0.063,0.937,0.0
262,@BBCWorld,2018-07-31 17:10:53+00:00,62,Vancouver man shoved into oncoming traffic https://t.co/FxaOTk1B7y,0.0,0.0,1.0,0.0
162,@cnn,2018-08-01 18:35:28+00:00,62,Wells Fargo has agreed to pay a $2.09 billion fine for issuing mortgage loans it knew contained incorrect income in‚Ä¶ https://t.co/jNOHPXdnWi,0.5423,0.253,0.687,0.06
462,@FoxNews,2018-08-01 18:26:39+00:00,62,"Mom given emergency C-section without anesthesia, lawsuit claims https://t.co/5ggPnriLzc",-0.2344,0.148,0.621,0.231
362,@CBSNews,2018-08-01 14:04:44+00:00,62,Mother of missing Iowa college student recounts last text she sent to daughter https://t.co/Z5Avcoj9To https://t.co/NHYemRbMUZ,-0.296,0.0,0.864,0.136
261,@BBCWorld,2018-07-31 18:13:36+00:00,61,Central African Republic: Russian journalists die in ambush https://t.co/20UsopoIQL,-0.5994,0.0,0.672,0.328
161,@cnn,2018-08-01 18:40:03+00:00,61,"Former President Obama just endorsed 81 candidates running in the midterm elections, and his office says he's expec‚Ä¶ https://t.co/E3Fl4zpawl",0.25,0.1,0.9,0.0
61,@nytimes,2018-08-01 11:01:07+00:00,61,"Sarah Hanson-Young, an Australian senator, filed a defamation suit against a fellow lawmaker who she says made a se‚Ä¶ https://t.co/T25tppuKo6",0.0,0.0,1.0,0.0
361,@CBSNews,2018-08-01 14:19:44+00:00,61,"Inflation, tariffs are hitting consumers at the cash register https://t.co/45vWbtEWxX https://t.co/22v2Mv1YSb",0.0,0.0,1.0,0.0
461,@FoxNews,2018-08-01 18:36:12+00:00,61,"""I just got tired of how broken Washington is. You know, my view from 18,000 feet over Syria, Iraq and Afghanistan‚Ä¶ https://t.co/b0ZEFqMYRH",-0.7184,0.0,0.769,0.231
260,@BBCWorld,2018-07-31 18:54:46+00:00,60,"RT @BBCNorthAmerica: Calling all mothers! We‚Äôre working on a video about going back to work after having a baby, and we want to hear about‚Ä¶",0.1511,0.067,0.933,0.0
60,@nytimes,2018-08-01 11:11:05+00:00,60,Robert Mueller has referred 3 investigations into possible illicit foreign lobbying to federal prosecutors in New Y‚Ä¶ https://t.co/VQ1hkkwUwE,-0.0772,0.0,0.925,0.075
160,@cnn,2018-08-01 18:50:07+00:00,60,"Iran is readying a massive military exercise in Persian Gulf, US officials say https://t.co/909tp1Z6V8 https://t.co/wiBLCqcqJ0",0.0,0.0,1.0,0.0
360,@CBSNews,2018-08-01 14:34:53+00:00,60,President Trump called out for not leading effort to secure elections ahead of midterms https://t.co/cRvbG6rSWR https://t.co/unvuKOP0m2,0.34,0.138,0.862,0.0
460,@FoxNews,2018-08-01 18:37:53+00:00,60,State pension deficits - as of fiscal year 2016. https://t.co/l0B5tsW2Xx,0.0,0.0,1.0,0.0
359,@CBSNews,2018-08-01 14:49:53+00:00,59,Sergeant who alleged ridicule over genetic test showing he was part black settles case https://t.co/3wOp291CH1 https://t.co/NknVI1yzfV,-0.4588,0.0,0.833,0.167
459,@FoxNews,2018-08-01 18:39:50+00:00,59,President @realDonaldTrump is set to propose a 25-percent tariff on $200 billion of imported Chinese goods;‚Ä¶ https://t.co/YzcySKD4gd,0.0,0.0,1.0,0.0
159,@cnn,2018-08-01 19:00:07+00:00,59,A new poll shows a tight race in the final days of a special election in Ohio https://t.co/V8JqZVieAl https://t.co/y7kjNhl9FA,0.4019,0.153,0.847,0.0
259,@BBCWorld,2018-07-31 19:01:02+00:00,59,The face behind a stock image: How I gave away my face for free https://t.co/30VPyr7uqN,0.5106,0.216,0.784,0.0
59,@nytimes,2018-08-01 11:20:08+00:00,59,Blueprints for making a variety of plastic guns on 3-D printers were scheduled to be posted online today. Here's a‚Ä¶ https://t.co/spieYYWSZC,0.0,0.0,1.0,0.0
258,@BBCWorld,2018-07-31 19:44:26+00:00,58,The unlikely US box office stars https://t.co/28KqKfpark,0.0,0.0,1.0,0.0
458,@FoxNews,2018-08-01 18:46:31+00:00,58,".@AriFleischer on the economy: ""Inflation, unless it's rampant, doesn't hurt you as much as if your wages are not g‚Ä¶ https://t.co/RItY1SsoAG",0.4168,0.122,0.878,0.0
358,@CBSNews,2018-08-01 15:04:52+00:00,58,"1 on 5 taxpayers withhold too little from paychecks, auditors say https://t.co/mvzJLCWKBV https://t.co/sEbZv02cM6",0.0,0.0,1.0,0.0
58,@nytimes,2018-08-01 11:30:07+00:00,58,"""They are expanding everything,"" an arms control expert said about North Korea. ""And to be fair, they have never sa‚Ä¶ https://t.co/A0gVIHxCOF",0.3182,0.103,0.897,0.0
158,@cnn,2018-08-01 19:10:07+00:00,58,"16 of the largest wildfires burning in California have scorched 320,000 acres, authorities say -- an area larger th‚Ä¶ https://t.co/afweka9SN3",0.0,0.0,1.0,0.0
357,@CBSNews,2018-08-01 15:19:45+00:00,57,"""Even after 18 months of study, we are still only scratching the surface when it comes to Russia's information warf‚Ä¶ https://t.co/37K0X1P4kD",0.0,0.0,1.0,0.0
257,@BBCWorld,2018-07-31 21:10:47+00:00,57,'A horrendous battle': Dry conditions fuel California wildfires https://t.co/lipl6doKJX,-0.5859,0.0,0.678,0.322
157,@cnn,2018-08-01 19:20:05+00:00,57,"They were among the most ardent supporters of Brexit, but now some residents of this town are relishing a European‚Ä¶ https://t.co/vHkaUpMhXX",0.7708,0.311,0.689,0.0
457,@FoxNews,2018-08-01 19:05:42+00:00,57,Minnesota speeders' bizarre excuses include a 99 mph Taco Bell run https://t.co/mnOkwStcoc,-0.3182,0.0,0.813,0.187
57,@nytimes,2018-08-01 11:44:04+00:00,57,"RT @nytopinion: Steven Mnuchin, the Treasury secretary, wants to give the superrich another huge tax break just months after Congress passe‚Ä¶",0.4767,0.177,0.823,0.0
156,@cnn,2018-08-01 19:30:11+00:00,56,Women in various parts of South Africa have taken to the streets to protest the increasing levels of gender-based v‚Ä¶ https://t.co/qA1ASat313,-0.25,0.0,0.909,0.091
456,@FoxNews,2018-08-01 19:11:40+00:00,56,"RT @FoxNewsResearch: #Trump Admin Unraveling #Obamacare:
‚Ä¢June:
‚ÄîDOJ no longer defending ACA in court
‚ÄîRule allows small biz, self-employed‚Ä¶",-0.296,0.0,0.891,0.109
256,@BBCWorld,2018-07-31 21:28:39+00:00,56,South Africa to amend constitution to allow land expropriation https://t.co/uPKuWAejmT,0.2263,0.174,0.826,0.0
56,@nytimes,2018-08-01 12:00:14+00:00,56,"Your daily @DealBook Briefing:

‚Ä¢ Facebook flags midterm meddling.

‚Ä¢ Apple sweats its way to $1 trillion.

‚Ä¢ Googl‚Ä¶ https://t.co/cLxoo92uGK",0.0,0.0,1.0,0.0
356,@CBSNews,2018-08-01 15:21:24+00:00,56,"RT @CBSSunday: DO NOTHING FOR TWO MINUTES

Take a few minutes, turn up the volume as we leave you among white-tailed deer near Ocala, Flori‚Ä¶",-0.0516,0.0,0.95,0.05
355,@CBSNews,2018-08-01 15:40:21+00:00,55,HEARTWARMING: This grocery store employee helped an autistic teen and is being praised for making his day‚Ä¶ https://t.co/6gaWSUHIy5,0.7925,0.305,0.695,0.0
155,@cnn,2018-08-01 19:30:56+00:00,55,"RT @CNNnewsroom: ""I have every doubt those remains are of US military,"" says Mike Logan, the son of a Korean war vet who never returned hom‚Ä¶",-0.7506,0.0,0.782,0.218
455,@FoxNews,2018-08-01 19:16:21+00:00,55,JUST IN: Suspect identified in murder of George H.W. Bush's former doctor. https://t.co/Kw6T2RMplv,-0.7845,0.0,0.615,0.385
55,@nytimes,2018-08-01 12:14:04+00:00,55,"After a record level of turnover in the Trump administration, Stephen Miller has succeeded in surrounding himself w‚Ä¶ https://t.co/hHX1naIkJR",0.4215,0.141,0.859,0.0
255,@BBCWorld,2018-07-31 21:42:30+00:00,55,"RT @BBCBreaking: Plane with at least 80 on board crashes in Mexican city of Durango, local media report https://t.co/BrNF7LDkq8",0.0,0.0,1.0,0.0
354,@CBSNews,2018-08-01 16:14:46+00:00,54,"Paul Manafort accused of amassing ""secret income."" Follow here for live updates from his trial‚Ä¶ https://t.co/EwodY8bVSY",-0.296,0.0,0.872,0.128
254,@BBCWorld,2018-07-31 21:43:38+00:00,54,Airliner crashes in Mexico - reports https://t.co/4omqnDT7gZ,0.0,0.0,1.0,0.0
454,@FoxNews,2018-08-01 19:23:31+00:00,54,".@GOPChairwoman: ""People want President Trump's endorsement more than they want President Obama's."" #OutnumberedOT https://t.co/25iq3qFQHI",0.4404,0.308,0.692,0.0
154,@cnn,2018-08-01 19:40:04+00:00,54,Organizers of the 2018 African Senior Athletics Championships being held in Nigeria have come under fire over poor‚Ä¶ https://t.co/LZ8FPHQXqa,0.2023,0.142,0.752,0.106
54,@nytimes,2018-08-01 12:30:09+00:00,54,Paul Manafort's trial on financial fraud charges opened on Tuesday with an effort by his defense team to deflect bl‚Ä¶ https://t.co/LVww9IfjgB,-0.6597,0.059,0.709,0.232
53,@nytimes,2018-08-01 12:46:08+00:00,53,The Justice Department is investigating claims that drug companies doing business in Iraq knew that the free medici‚Ä¶ https://t.co/Pd9GF3CFJA,0.7717,0.283,0.717,0.0
253,@BBCWorld,2018-07-31 22:01:07+00:00,53,Canada says it is using DNA websites to identify some migrants https://t.co/r0DMkoIp9M,0.0,0.0,1.0,0.0
453,@FoxNews,2018-08-01 19:27:36+00:00,53,A U.S. soldier salutes during a repatriation ceremony for the remains of U.S. soldiers killed in the Korean War and‚Ä¶ https://t.co/j5g6buF2Im,-0.8555,0.0,0.669,0.331
353,@CBSNews,2018-08-01 16:29:54+00:00,53,Pres. Trump's tariffs are hurting the already struggling newspaper industry https://t.co/6iQczhKhUG https://t.co/l0blnZL8zq,-0.6705,0.0,0.645,0.355
153,@cnn,2018-08-01 19:50:04+00:00,53,A Florida sheriff defended his decision not to arrest a man who fatally shot another man during a heated argument n‚Ä¶ https://t.co/GkXTZrm6n4,-0.6872,0.082,0.647,0.271
52,@nytimes,2018-08-01 13:00:10+00:00,52,Morning¬†Briefing: Here's what you need to know to start your day https://t.co/OqaZ6IEwi0 https://t.co/IuucSqpyG5,0.0,0.0,1.0,0.0
452,@FoxNews,2018-08-01 19:35:15+00:00,52,"Former President @BarackObama endorses dozens of Dems, but snubs @Ocasio2018. (via @brookefoxnews) https://t.co/jvMelfeKcL",-0.5346,0.101,0.653,0.246
352,@CBSNews,2018-08-01 16:44:44+00:00,52,Fugitive extradited back to Arizona in border agent's 2010 slaying https://t.co/FJ6KtVm0qj https://t.co/4jHLJBiRJp,0.0,0.0,1.0,0.0
152,@cnn,2018-08-01 19:54:04+00:00,52,"""We believe that the investigation should be brought to a close. ‚Ä¶ Put up or shut up, what do you got?"" President T‚Ä¶ https://t.co/BEsYDyJGNF",0.0,0.0,1.0,0.0
252,@BBCWorld,2018-07-31 22:47:08+00:00,52,US embassy in London auctions off toilet rolls and old goods https://t.co/L3AJUtNMDB,0.0,0.0,1.0,0.0
251,@BBCWorld,2018-07-31 23:03:24+00:00,51,Black Panther spin-off: How author Nnedi Okorafor found her identity https://t.co/ckuLR5VGzw,0.0,0.0,1.0,0.0
51,@nytimes,2018-08-01 13:15:06+00:00,51,"RT @nytlizrobbins: Cayuga Centers transformed from a modest upstate NY program, one that was struggling to keep kids safe, to the largest p‚Ä¶",0.0258,0.113,0.778,0.109
451,@FoxNews,2018-08-01 19:45:35+00:00,51,Ohio judge orders chatty defendant's mouth taped for sentencing https://t.co/pPQ28UeeBl,-0.1531,0.0,0.849,0.151
351,@CBSNews,2018-08-01 16:59:53+00:00,51,Tesla earnings: What to expect from the second quarter results https://t.co/SQxTqsHC8e https://t.co/hfEpUZHXPx,0.0,0.0,1.0,0.0
151,@cnn,2018-08-01 19:55:11+00:00,51,RT @AC360: Tonight on #fullcircle a survivor of Mexico's plane crash joins @AndersonCooper to talk about the terrifying experience and how‚Ä¶,-0.5994,0.097,0.656,0.247
450,@FoxNews,2018-08-01 19:46:15+00:00,50,RT @ShepNewsTeam: We will be live for today‚Äôs @FoxNews Afternoon Update on Facebook Watch with the latest on missing college student Mollie‚Ä¶,-0.296,0.0,0.905,0.095
350,@CBSNews,2018-08-01 17:14:40+00:00,50,"A group of self-proclaimed ""grannies"" is traveling 2,000 miles across the U.S. to the border with Mexico to protest‚Ä¶ https://t.co/0JESgiRVEI",0.0,0.0,1.0,0.0
250,@BBCWorld,2018-07-31 23:05:54+00:00,50,Disinvited - the bridesmaids no longer needed https://t.co/J1GHxeizPL,-0.296,0.0,0.732,0.268
50,@nytimes,2018-08-01 13:30:08+00:00,50,There were no signs of foul play when a pregnant bottlenose dolphin washed up in Mississippi. Then they found the b‚Ä¶ https://t.co/LwylbIyUc3,0.0516,0.102,0.805,0.093
150,@cnn,2018-08-01 20:00:25+00:00,50,"President Trump downplayed the allegations facing his former campaign chairman, Paul Manafort, by invoking notoriou‚Ä¶ https://t.co/KaPr7kuMVv",0.0,0.0,1.0,0.0
349,@CBSNews,2018-08-01 17:30:10+00:00,49,"COP VS. TOT: This one-year-old was pulled over while driving his little red convertible, proving no one is too youn‚Ä¶ https://t.co/PKMO9UdmFS",-0.296,0.0,0.901,0.099
149,@cnn,2018-08-01 20:01:24+00:00,49,"RT @CNNnewsroom: ""Politically, it's an attempt to ... draw a line between what (Trump) says on Twitter and official orders that he gives,""‚Ä¶",0.0,0.0,1.0,0.0
249,@BBCWorld,2018-07-31 23:25:26+00:00,49,100 Women: Playing mother to El Salvador's gang children https://t.co/JbpDgxJGQr,0.2023,0.167,0.833,0.0
49,@nytimes,2018-08-01 13:45:04+00:00,49,"""He uses it for every occasion ‚Äî it's like his 'aloha,'"" Stephen  Colbert poked fun at President Trump for how ofte‚Ä¶ https://t.co/oOIIjeilNC",0.7003,0.234,0.766,0.0
449,@FoxNews,2018-08-01 19:46:28+00:00,49,".@POTUS' 'sanctuary cities' executive order is unconstitutional, US appeals court rules. https://t.co/lGoKljwHzg",0.0,0.0,1.0,0.0
448,@FoxNews,2018-08-01 19:53:36+00:00,48,All 99 passengers and four crew members made it out alive from a plane crash in Mexico. @ShepNewsTeam‚Ä¶ https://t.co/2E85kv7pxP,-0.0258,0.122,0.751,0.127
348,@CBSNews,2018-08-01 17:30:39+00:00,48,Special counsel Robert Mueller has referred to New York prosecutors cases concerning American lobbyists who alleged‚Ä¶ https://t.co/wivIkcFOJ5,0.4019,0.144,0.856,0.0
148,@cnn,2018-08-01 20:05:11+00:00,48,CNN Exclusive: The TSA is considering eliminating passenger screening at smaller airports https://t.co/KqHGNhPSwR https://t.co/ProGj2ZhJz,0.128,0.103,0.897,0.0
48,@nytimes,2018-08-01 14:00:15+00:00,48,A major Australian supermarket chain reversed its decision to ban single-use plastic bags after its customers compl‚Ä¶ https://t.co/NghMlHX3kj,-0.5574,0.0,0.816,0.184
248,@BBCWorld,2018-08-01 01:53:35+00:00,48,US release of 3D-printed gun software blocked https://t.co/KupI0zwD3i,-0.5423,0.0,0.571,0.429
447,@FoxNews,2018-08-01 20:03:00+00:00,47,"Former waitress in Arizona returns $1,000 she stole from restaurant in 1990s https://t.co/sVa2wiyYxi",0.0,0.0,1.0,0.0
47,@nytimes,2018-08-01 14:15:09+00:00,47,RT @jessbidgood: Those police officers who quit over ill-fitting vests and old cruisers? There is a little more to the story. I went to Bla‚Ä¶,0.0,0.0,1.0,0.0
147,@cnn,2018-08-01 20:10:08+00:00,47,Three alleged members of an international hacking group have been arrested for cybercrimes targeting over 100 retai‚Ä¶ https://t.co/PbpjUipm0i,-0.4767,0.0,0.846,0.154
247,@BBCWorld,2018-08-01 02:13:11+00:00,47,How to print your own firearm https://t.co/QwdhuPa7MJ,0.0,0.0,1.0,0.0
347,@CBSNews,2018-08-01 17:35:12+00:00,47,WATCH NOW: White House Press Secretary Sarah Sanders holds briefing hours after President Trump's tweet saying the‚Ä¶ https://t.co/ln3LTwdrhu,0.0,0.0,1.0,0.0
446,@FoxNews,2018-08-01 20:03:10+00:00,46,.@ShepNewsTeam is live with the 'Fox News Update' on Facebook Watch: https://t.co/584lSOl7Bz https://t.co/XzvTDwbCn0,0.0,0.0,1.0,0.0
46,@nytimes,2018-08-01 14:32:06+00:00,46,Breaking News: President Trump called on Attorney General Jeff Sessions to end the special counsel investigation an‚Ä¶ https://t.co/VnBmYgiEZT,0.4019,0.137,0.863,0.0
146,@cnn,2018-08-01 20:10:37+00:00,46,"RT @CNNPolitics: ‚ÄúHe did not collude. There is no evidence he colluded. But in the alternative, collusion is not a crime,‚Äù Giuliani said, r‚Ä¶",-0.296,0.0,0.909,0.091
246,@BBCWorld,2018-08-01 02:56:19+00:00,46,Plastic bags: Australia anger over Coles 'caving in to tantrums' https://t.co/rKmTzka50v,-0.7351,0.0,0.592,0.408
346,@CBSNews,2018-08-01 17:37:13+00:00,46,Sanders says the White House and FEMA have been actively monitoring the wildfires in the West to ensure that federa‚Ä¶ https://t.co/yJX1fUVMf8,0.5994,0.205,0.795,0.0
445,@FoxNews,2018-08-01 20:04:42+00:00,45,'Calexit' supporters now want to give away nearly half of California to create an independent Native American natio‚Ä¶ https://t.co/6IY6QiTuBb,0.6486,0.283,0.717,0.0
45,@nytimes,2018-08-01 14:45:10+00:00,45,"RT @NYTScience: The Fields Medal, bestowed every four years to mathematicians 40 years or younger, is often described as the subject‚Äôs Nobe‚Ä¶",0.4767,0.129,0.871,0.0
145,@cnn,2018-08-01 20:15:07+00:00,45,"A top consultant and spokesman for Corey Stewart, the Republican nominee for US Senate in Virginia, has used the te‚Ä¶ https://t.co/l5lVA3Mgg3",0.2023,0.087,0.913,0.0
245,@BBCWorld,2018-08-01 03:02:23+00:00,45,"RT @SallyBundockBBC: If you are a #Facebook user tell us what you're up to. Do you use the social media platform to connect, for news, shop‚Ä¶",0.0,0.0,1.0,0.0
345,@CBSNews,2018-08-01 17:41:13+00:00,45,"Sarah Sanders announces sanctions for two Turkish government officials, who played ""leading roles"" in the arrest an‚Ä¶ https://t.co/3BoCjLbqVk",0.0,0.115,0.769,0.115
44,@nytimes,2018-08-01 15:00:07+00:00,44,A new app lets you pay celebrities to... just say stuff https://t.co/Ayq0prHiPt,-0.1027,0.0,0.877,0.123
144,@cnn,2018-08-01 20:15:51+00:00,44,"RT @CNNMoney: The Dow fell 79 points and the S&amp;P 500 fell 0.1%. The Nasdaq was up nearly 0.5%, boosted by Apple‚Äôs 5% gain. Apple ended the‚Ä¶",0.7096,0.191,0.809,0.0
344,@CBSNews,2018-08-01 17:45:22+00:00,44,"Sanders on @POTUS' tweet to end Russia probe: ""It's not an order, it's the president's opinion...but he also wants‚Ä¶ https://t.co/46dnXmFHSg",0.0,0.0,1.0,0.0
444,@FoxNews,2018-08-01 20:04:54+00:00,44,RT @ShepNewsTeam: Shep is live on Facebook Watch: https://t.co/IWgmOPBXqm,0.0,0.0,1.0,0.0
244,@BBCWorld,2018-08-01 04:59:52+00:00,44,Window-smashing kangaroo escapes from shelter in Australia https://t.co/P4sbbcV3wS,0.128,0.176,0.824,0.0
443,@FoxNews,2018-08-01 20:24:57+00:00,43,"Iran planning Gulf 'swarm' drill involving 100 gun boats within days, US officials say. https://t.co/WOjhl3ckMN",-0.34,0.0,0.854,0.146
43,@nytimes,2018-08-01 15:15:11+00:00,43,If this hearty quinoa and white bean soup recipe proves anything it is: Soup doesn't have to be loaded with meat to‚Ä¶ https://t.co/hULMJ2xXmQ,0.0,0.0,1.0,0.0
343,@CBSNews,2018-08-01 17:52:27+00:00,43,Q: Do you agree with that sentiment expressed by Sen. Thune that this investigation by Mr. Mueller ought to be comp‚Ä¶ https://t.co/kQCu0b6g98,0.3612,0.106,0.894,0.0
143,@cnn,2018-08-01 20:20:08+00:00,43,"Her face has appeared in McDonald's ads in China, India and South Korea, on a French dating website and in a promot‚Ä¶ https://t.co/sgVDEwOhvx",0.0,0.0,1.0,0.0
243,@BBCWorld,2018-08-01 05:53:37+00:00,43,"RT @BBCSport: Incredible.

Johanna Konta has inflicted the worst defeat of Serena Williams' career üëâ https://t.co/G8me6nYIG0 https://t.co/Q‚Ä¶",-0.7964,0.0,0.664,0.336
42,@nytimes,2018-08-01 15:30:08+00:00,42,"RT @NYTmag: Thirty years ago, we almost saved the planet. This is the story of how we failed. https://t.co/EglEQFwHPu https://t.co/WBtopm5p‚Ä¶",-0.2006,0.105,0.756,0.139
242,@BBCWorld,2018-08-01 06:37:35+00:00,42,"Not Middle Earth or Westeros, but Vietnam. 

This outstanding new bridge has taken the internet by storm‚Ä¶ https://t.co/j8IkZyk1ky",0.7579,0.244,0.756,0.0
142,@cnn,2018-08-01 20:25:00+00:00,42,"""We believe that the investigation should be brought to a close. ‚Ä¶ Put up or shut up, what do you got?"" President T‚Ä¶ https://t.co/5RZyJEqGZv",0.0,0.0,1.0,0.0
342,@CBSNews,2018-08-01 17:55:27+00:00,42,"""Even if there are 10 people voting illegally it shouldn't happen,"" Sanders said. ""The president wants to see the i‚Ä¶ https://t.co/IgfsbIrCRg",0.0,0.0,1.0,0.0
442,@FoxNews,2018-08-01 20:33:49+00:00,42,"On @AmericaNewsroom, @cvpayne celebrated positive economic news. https://t.co/Nn6FRWsrz5 https://t.co/cBSNPnsbtD",0.8074,0.51,0.49,0.0
341,@CBSNews,2018-08-01 18:01:00+00:00,41,"Hillary Clinton to executive produce TV adaptation of ""The Woman‚Äôs Hour"" https://t.co/uTMjSWpXEB https://t.co/RXzftPyn1G",0.0,0.0,1.0,0.0
41,@nytimes,2018-08-01 15:45:09+00:00,41,"Cody Wilson has been called one of the world's ""most dangerous people."" For more than 5 years, he has pushed to pub‚Ä¶ https://t.co/yrvNbmOx5T",-0.5256,0.0,0.861,0.139
441,@FoxNews,2018-08-01 20:43:19+00:00,41,"National ICE Council President Chris Crane: ""We are not going to let people like this scare us out of doing our job‚Ä¶ https://t.co/q9Bq2XNaBx",-0.3071,0.092,0.771,0.138
141,@cnn,2018-08-01 20:40:09+00:00,41,"Champion is phasing out an exclusive line at Target, and Wall Street isn't pleased https://t.co/AawlZvaNd6 https://t.co/2pasvZwbTM",0.4577,0.26,0.625,0.116
241,@BBCWorld,2018-08-01 07:46:07+00:00,41,"Meet Mamma Maria, the Greek mother who feeds refugees and says threats won't stop her 

https://t.co/KVh5uI8dTw https://t.co/QTnNvrgRvz",-0.2292,0.096,0.762,0.142
140,@cnn,2018-08-01 20:44:35+00:00,40,RT @TheLeadCNN: President Trump is escalating his attacks on the Russia investigation; going even further in his calls to shut down a law e‚Ä¶,-0.4404,0.0,0.884,0.116
240,@BBCWorld,2018-08-01 08:01:52+00:00,40,Zimbabwe's Zanu-PF 'has most seats' https://t.co/mlJ5PgtEfa,0.0,0.0,1.0,0.0
440,@FoxNews,2018-08-01 20:47:50+00:00,40,Connecticut woman searches for stolen necklace that contains infant son's ashes: 'I feel incomplete' https://t.co/yBaF6XRTRn,-0.4939,0.0,0.814,0.186
40,@nytimes,2018-08-01 16:00:07+00:00,40,"Accusations of harassment, bullying and editorial interference are roiling Billboard, just as the the whole industr‚Ä¶ https://t.co/xqpmwYM5h1",-0.8658,0.0,0.591,0.409
340,@CBSNews,2018-08-01 18:02:08+00:00,40,"Q: Does the president think there are too many refugees coming into this country? 

Sanders: The president wants to‚Ä¶ https://t.co/uYLnyHICb0",0.0,0.0,1.0,0.0
39,@nytimes,2018-08-01 16:15:08+00:00,39,A reporter was surprised to learn that her New York Times article was censored in Qatar. Here's what happened. https://t.co/2v7fw2bxuT,0.0772,0.093,0.829,0.078
339,@CBSNews,2018-08-01 18:04:09+00:00,39,"RT @CBSThisMorning: WATCH: Passenger video shows the moment an Aerom√©xico flight carrying 99 passengers, crashed shortly after taking off i‚Ä¶",0.0,0.0,1.0,0.0
239,@BBCWorld,2018-08-01 08:35:10+00:00,39,Swedish crown jewels: Speedboat thieves steal priceless treasures https://t.co/sHFod8j8YC,-0.1779,0.335,0.289,0.376
139,@cnn,2018-08-01 20:48:38+00:00,39,The Trump administration is considering increasing to 25% the rate of proposed tariffs on an additional $200 billio‚Ä¶ https://t.co/UapHHFFpeg,0.0,0.0,1.0,0.0
439,@FoxNews,2018-08-01 20:55:52+00:00,39,Trouble for Ted?: New TX Poll Shows Cruz Challenger Only 2 Points Down https://t.co/hA7W9gPiYC,0.2577,0.271,0.574,0.155
138,@cnn,2018-08-01 21:00:08+00:00,38,Caesar's stock plunged as much as 24% on worries about Vegas hotel bookings https://t.co/sGBVAKD7lx https://t.co/e8Q47gbz7b,-0.4215,0.0,0.833,0.167
338,@CBSNews,2018-08-01 18:08:09+00:00,38,"""It's not weak for the president of the United States to state his opinion,"" Sanders says. https://t.co/rdmNemzTTd https://t.co/mrKeQlo8vs",0.6377,0.245,0.755,0.0
438,@FoxNews,2018-08-01 21:01:35+00:00,38,Utah man claims McDonald's employee drugged his drink https://t.co/QQkYXNVuBH,0.0,0.0,1.0,0.0
38,@nytimes,2018-08-01 16:30:06+00:00,38,Candidates in this year‚Äôs midterm elections have a new tool in their campaign arsenal: mass-texts sent directly to‚Ä¶ https://t.co/Y7kmXGhrJB,0.0,0.0,1.0,0.0
238,@BBCWorld,2018-08-01 09:15:06+00:00,38,"RT @BBC_HaveYourSay: üë©‚Äç‚úàÔ∏èDaughter pilots mum's final flight as an air hostess. ‚úàÔ∏è
https://t.co/0YS4PsU0uz",0.0,0.0,1.0,0.0
137,@cnn,2018-08-01 21:04:31+00:00,37,Tesla just reported that it lost more than $717 million in the second quarter -- the biggest quarterly loss in its‚Ä¶ https://t.co/I4XEUcnXBx,-0.5574,0.0,0.813,0.187
337,@CBSNews,2018-08-01 18:16:14+00:00,37,Remains of what are believed to be U.S. soldiers who were killed in the Korean War were repatriated Wednesday durin‚Ä¶ https://t.co/KyvGrXW8LY,-0.8555,0.0,0.693,0.307
37,@nytimes,2018-08-01 16:45:09+00:00,37,"RT @liamstack: Even with Trump in the White House, many in the Green Party squint to see the difference between Democrats and Republicans.‚Ä¶",0.4019,0.109,0.891,0.0
237,@BBCWorld,2018-08-01 09:17:13+00:00,37,RT @BBCAfrica: Zimbabwe elections: The bones that haunt the country https://t.co/lUZQPIOUlg https://t.co/WBA5rJ5yJZ,-0.4019,0.0,0.803,0.197
437,@FoxNews,2018-08-01 21:04:09+00:00,37,JUST IN: Mueller responds to Trump attorneys' request for parameters of potential interview. https://t.co/UZoXz1kswk,0.0,0.0,1.0,0.0
136,@cnn,2018-08-01 21:08:09+00:00,36,"Livestreaming is a multibillion dollar industry in China, where the top streamers can make over $100,000 a month. W‚Ä¶ https://t.co/k58cmDAUvf",0.2023,0.096,0.904,0.0
436,@FoxNews,2018-08-01 21:10:56+00:00,36,"Great white shark attacks seal off Massachusetts coast as surfers scramble to shore, video shows. https://t.co/fmauRxH2Qg",0.296,0.195,0.667,0.138
236,@BBCWorld,2018-08-01 09:50:19+00:00,36,Koreans turn to ice vests and hot soup in record Seoul heat https://t.co/mbS1uVrvqT,0.0,0.0,1.0,0.0
336,@CBSNews,2018-08-01 18:31:01+00:00,36,Among the thousands of firearms discovered at airport security checkpoints around the country in the past two years‚Ä¶ https://t.co/jTmsp5JaTB,0.34,0.118,0.882,0.0
36,@nytimes,2018-08-01 17:04:32+00:00,36,A company in Britain is using edgy funeral ads to open a conversation about death. But some say the campaign goes t‚Ä¶ https://t.co/pTr7ovWQrS,-0.7506,0.0,0.748,0.252
135,@cnn,2018-08-01 21:10:09+00:00,35,"Thousands of supporters gathered in Kinshasa, capital of the Democratic Republic of Congo, to welcome former warlor‚Ä¶ https://t.co/gIYCgkk09b",0.7096,0.269,0.731,0.0
435,@FoxNews,2018-08-01 21:16:00+00:00,35,Arizona town is building tiny homes for teachers who can't afford to live closer. https://t.co/vrFOn1xc4L,0.0,0.0,1.0,0.0
335,@CBSNews,2018-08-01 18:44:31+00:00,35,Fidelity Investments says it will soon offer a pair of mutual funds that charge zero in expenses‚Ä¶ https://t.co/GkWw66V4Sj,0.0,0.0,1.0,0.0
235,@BBCWorld,2018-08-01 10:04:12+00:00,35,Machu Picchu train crash: Collision injures 15 tourists in Peru https://t.co/CgcT7b4KWw,-0.6369,0.0,0.634,0.366
35,@nytimes,2018-08-01 17:15:06+00:00,35,Alaska Airlines apologized this week after a flight attendant asked a gay man to give up his seat next to his partn‚Ä¶ https://t.co/1bUQ9QEcCW,0.3182,0.103,0.897,0.0
434,@FoxNews,2018-08-01 21:20:40+00:00,34,".@JesseBWatters: ""Right now, Maxine Waters is the face of the Democratic Party, and that's frightening."" #TheFive https://t.co/pb51PxQwbU",0.4019,0.144,0.856,0.0
34,@nytimes,2018-08-01 17:22:21+00:00,34,Cat videos are so popular on the internet that they‚Äôve become universal shorthand for the internet itself. Or at le‚Ä¶ https://t.co/earLad6qf8,0.5598,0.153,0.847,0.0
234,@BBCWorld,2018-08-01 10:28:03+00:00,34,DR Congo country profile https://t.co/5GrFJeyX4p,0.0,0.0,1.0,0.0
134,@cnn,2018-08-01 21:23:37+00:00,34,A man whose mother died during surgery 20 years ago is the suspect in the fatal shooting of a prominent Houston car‚Ä¶ https://t.co/TZ34zMXDn5,-0.7906,0.08,0.594,0.325
334,@CBSNews,2018-08-01 18:49:23+00:00,34,"RT @CBSThisMorning: WATCH: Cody Wilson (@Radomysisky,) the founder of Defense Distributed who has a tombstone outside his office that says‚Ä¶",0.128,0.077,0.923,0.0
233,@BBCWorld,2018-08-01 10:30:23+00:00,33,Democratic Republic of Congo profile - Timeline https://t.co/oqZhVjdxa3,0.0,0.0,1.0,0.0
133,@cnn,2018-08-01 21:29:45+00:00,33,Justice Ginsburg: The 'liberal lion' we need right now | By Brenda Feigen via @CNNOpinion https://t.co/cIdbCOCCOs https://t.co/roLLpkshfS,0.5267,0.185,0.815,0.0
333,@CBSNews,2018-08-01 19:00:50+00:00,33,"A Wisconsin man lost both of his legs to a virulent infection after being licked by a dog, family says‚Ä¶ https://t.co/C0eXGpZXBr",-0.7184,0.0,0.727,0.273
33,@nytimes,2018-08-01 17:48:14+00:00,33,They represent chaos without consequence. Cats represent the internet as an apolitical playground where crazy stuff‚Ä¶ https://t.co/EP99xEwolm,-0.7269,0.0,0.711,0.289
433,@FoxNews,2018-08-01 21:28:46+00:00,33,"Mollie Tibbetts' boyfriend, brothers, father urge witnesses to 'come forward' in exclusive interviews. https://t.co/GfsOO3kvkA",0.128,0.103,0.897,0.0
332,@CBSNews,2018-08-01 19:13:23+00:00,32,"President Trump called on Attorney General Jeff Sessions in a tweet to end special counsel investigation ""right now‚Ä¶ https://t.co/xR7wYdpijV",0.4019,0.137,0.863,0.0
132,@cnn,2018-08-01 21:41:04+00:00,32,Two women were found unresponsive in a car along with the likely culprit -- four coolers of dry ice -- Friday morni‚Ä¶ https://t.co/UssOcJzUdN,0.0,0.0,1.0,0.0
432,@FoxNews,2018-08-01 21:36:00+00:00,32,Philippine government crushes dozens of luxury cars worth millions. https://t.co/oOgA6zD8H1,-0.25,0.148,0.625,0.227
32,@nytimes,2018-08-01 17:51:02+00:00,32,But lately? We‚Äôre seeing more and more dogs on the internet. And this tells us something about how the internet its‚Ä¶ https://t.co/OOUSVH5doy,0.0,0.0,1.0,0.0
232,@BBCWorld,2018-08-01 10:57:05+00:00,32,RT @BBCBusiness: Tesla boss Elon Musk facing two lawsuits https://t.co/zKpL6HWAkb,-0.1531,0.0,0.849,0.151
331,@CBSNews,2018-08-01 19:20:59+00:00,31,WATCH: This official in Connecticut kneeled during the pledge of allegiance at a town hall meeting. Her silent prot‚Ä¶ https://t.co/MssVAwvugW,0.0,0.0,1.0,0.0
131,@cnn,2018-08-01 21:43:17+00:00,31,RT @CNNSitRoom: President Trump tweets that Sessions should stop the Mueller investigation ‚Äúright now‚Äù. Is that an obstruction of justice?‚Ä¶,-0.296,0.0,0.896,0.104
431,@FoxNews,2018-08-01 21:42:00+00:00,31,.@SenGillibrand fires back at George Soros over her calls for Franken to resign. https://t.co/3HlNb9v472,-0.34,0.0,0.844,0.156
231,@BBCWorld,2018-08-01 10:59:06+00:00,31,Joey Dunlop's TT winning outfit to be auctioned https://t.co/RdYVrSQ7HE,0.5267,0.298,0.702,0.0
31,@nytimes,2018-08-01 17:54:34+00:00,31,Dogs can be dressed up and made to perform for their audiences in a way that cats just won‚Äôt. Maybe it‚Äôs not a surp‚Ä¶ https://t.co/yIk9zPpcfO,0.0,0.0,1.0,0.0
130,@cnn,2018-08-01 21:51:09+00:00,30,The acting chief of the EPA Andrew Wheeler starts a new relationship between Capitol Hill and his agency‚Ä¶ https://t.co/XOBBqQuv4Z,0.0,0.0,1.0,0.0
330,@CBSNews,2018-08-01 19:35:00+00:00,30,Conspiracy theorist Alex Jones wants a Texas judge to dismiss a defamation lawsuit filed against him by families of‚Ä¶ https://t.co/wPNRNGEj8e,-0.6486,0.0,0.751,0.249
230,@BBCWorld,2018-08-01 11:01:43+00:00,30,Korea remains: US finds one 'dog tag' among war dead returned by North Korea https://t.co/9i51sSyu1t,-0.8481,0.0,0.613,0.387
30,@nytimes,2018-08-01 17:57:16+00:00,30,"So, dogs or cats? Who owns the internet? Let us know in the comments: https://t.co/V1J3aSNPgv",0.0,0.0,1.0,0.0
430,@FoxNews,2018-08-01 21:51:04+00:00,30,"Massachusetts woman enraged by Trump bumper sticker intentionally rammed into car, police say. https://t.co/DPZYLxWLgq",-0.4019,0.0,0.828,0.172
29,@nytimes,2018-08-01 18:00:09+00:00,29,Those green swirling masses you see on the beach? They're not algae. They're green worms. https://t.co/9Y1RvzF8Mr,0.0,0.0,1.0,0.0
129,@cnn,2018-08-01 22:01:12+00:00,29,Republican senators say President Trump can't ask Attorney General Jeff Sessions to end the Mueller probe‚Ä¶ https://t.co/7oVVoEGaDO,0.0,0.0,1.0,0.0
329,@CBSNews,2018-08-01 19:49:42+00:00,29,"Former President Barack Obama is jumping back into the political fray, endorsing dozens of Democratic candidates ru‚Ä¶ https://t.co/5E0SnOAu3Z",0.0,0.0,1.0,0.0
229,@BBCWorld,2018-08-01 12:12:37+00:00,29,Trump claims Americans need ID to go shopping https://t.co/RQn7pKP2iu,0.0,0.0,1.0,0.0
429,@FoxNews,2018-08-01 21:56:54+00:00,29,"INCREDIBLE: This pizza delivery guy stunned a family when he asked to play their piano. Little did they know, 18-ye‚Ä¶ https://t.co/E7eiCfqVAn",0.25,0.11,0.826,0.064
28,@nytimes,2018-08-01 18:15:09+00:00,28,"When the Trump administration announced a citizenship question would appear on the 2020 census, it was met with con‚Ä¶ https://t.co/OnpKPNHT5H",0.0,0.0,1.0,0.0
328,@CBSNews,2018-08-01 20:04:49+00:00,28,"The dirt on the ground is making climate change worse, a new study finds https://t.co/yve75JPK1o https://t.co/SMlT6zuFXh",-0.6705,0.0,0.703,0.297
428,@FoxNews,2018-08-01 22:12:18+00:00,28,Twitter CEO gets why conservatives are suspicious of Big Tech https://t.co/5I4dIldr6R,-0.3612,0.0,0.8,0.2
128,@cnn,2018-08-01 22:06:19+00:00,28,New cluster of Ebola virus cases detected in the Democratic Republic of Congo a week after the government declared‚Ä¶ https://t.co/jtp0cFNFCK,0.0,0.0,1.0,0.0
228,@BBCWorld,2018-08-01 12:41:25+00:00,28,Ex-warlord Jean-Pierre Bemba welcomed home to DR Congo https://t.co/cRslQb54eJ,0.34,0.231,0.769,0.0
327,@CBSNews,2018-08-01 20:20:00+00:00,27,"Former waitress anonymously sends $1,000 and apology to boss for stealing 20 years ago https://t.co/h2toIPuJaf https://t.co/ql1C55X0I9",-0.5423,0.063,0.741,0.196
127,@cnn,2018-08-01 22:11:06+00:00,27,"House Speaker Paul Ryan finds out that he's part Jewish on PBS' show ""Finding Your Roots"" https://t.co/NuZZ2wTWmD https://t.co/pqTSeDxZnP",0.0,0.0,1.0,0.0
227,@BBCWorld,2018-08-01 13:03:35+00:00,27,Dengue fever outbreak stopped by special mosquitoes https://t.co/S85hOEmFMU,0.2023,0.255,0.566,0.179
27,@nytimes,2018-08-01 18:30:16+00:00,27,The CEO of the world's largest steel maker says Trump's tariffs have led to his company's best performance since 20‚Ä¶ https://t.co/lHXEFeNQFn,0.6369,0.174,0.826,0.0
427,@FoxNews,2018-08-01 22:14:20+00:00,27,Mueller responds to Trump attorneys' request for parameters of potential interview; @johnrobertsFox reports.‚Ä¶ https://t.co/dRjSUyHNjV,0.0,0.0,1.0,0.0
426,@FoxNews,2018-08-01 22:25:07+00:00,26,The Iranian economy is faltering under U.S. pressure; @RichEdsonDC reports. #SpecialReport https://t.co/uA7FHq4VRN https://t.co/4zKFZYGEhB,-0.296,0.0,0.845,0.155
126,@cnn,2018-08-01 22:21:07+00:00,26,"A Nazi flag was spotted flying in a public park in Laramie, Wyoming https://t.co/TsKy8ARPAj https://t.co/tXkQ4xY8oU",0.0,0.0,1.0,0.0
326,@CBSNews,2018-08-01 20:34:35+00:00,26,Russian reporters working on investigation with Putin foe killed in Africa https://t.co/JdJbVPJqEF https://t.co/lDSSwXo7lY,-0.8126,0.0,0.598,0.402
226,@BBCWorld,2018-08-01 13:08:41+00:00,26,Stranded Russian climber 'hallucinated' during Pakistan ordeal https://t.co/NWV72mRByf,0.0,0.0,1.0,0.0
26,@nytimes,2018-08-01 18:45:08+00:00,26,Barack Obama just endorsed 81 Democrats running in the 2018 elections. Many were longtime Obama loyalists. Most of‚Ä¶ https://t.co/gmJuUYvO17,0.4767,0.194,0.806,0.0
425,@FoxNews,2018-08-01 22:28:05+00:00,25,"Dan Springer: ""Among the 55 containers of remains there is just one dog tag and that concerns some people. But we'r‚Ä¶ https://t.co/lp94dBM3fB",0.0,0.0,1.0,0.0
25,@nytimes,2018-08-01 19:00:09+00:00,25,"Thieves stole three royal treasures from a cathedral in Sweden, smashing open a display case and escaping on a spee‚Ä¶ https://t.co/itFyagQtbO",-0.0772,0.179,0.673,0.148
125,@cnn,2018-08-01 22:27:43+00:00,25,"LIVE NOW: Anderson Cooper Full Circle, a daily interactive news show airing on Facebook Watch‚Ä¶ https://t.co/FXNs6LReU2",0.0,0.0,1.0,0.0
325,@CBSNews,2018-08-01 20:38:10+00:00,25,"RT @CBSThisMorning: New video shows the terrifying moments after a Aerom√©xico flight crashed and caught on fire in Mexico. 

Officials say‚Ä¶",-0.7269,0.0,0.747,0.253
225,@BBCWorld,2018-08-01 13:27:17+00:00,25,Greek wildfires: Failures revealed after Mati disaster https://t.co/wSIUcaaBZQ,-0.7964,0.0,0.458,0.542
24,@nytimes,2018-08-01 19:15:05+00:00,24,"What is QAnon? Well, do you remember Pizzagate? It's a little like that: a web of baseless conspiracy theories. https://t.co/vbTGVDJudb",-0.1162,0.202,0.65,0.147
424,@FoxNews,2018-08-01 22:33:30+00:00,24,".@GillianHTurner: ""The Trump administration green-lighted a plan [Wednesday] that allows health insurers to offer c‚Ä¶ https://t.co/WHDEjXrCER",0.0,0.0,1.0,0.0
224,@BBCWorld,2018-08-01 13:37:54+00:00,24,Jellyfish sting dozens as Germany and Sweden battle plague https://t.co/Bn5L4zqrdV,-0.3818,0.0,0.776,0.224
324,@CBSNews,2018-08-01 20:40:39+00:00,24,"Harrisburg Diocese identifies 71 alleged sex abusers, cites failure of bishops https://t.co/V1PnGtXIe3 https://t.co/ileL2L5gQp",-0.7845,0.0,0.615,0.385
124,@cnn,2018-08-01 22:28:15+00:00,24,"RT @AC360: ""They're using kids as a weapon ... all they wanted to do was get back to their mom"" - Senator @amyklobuchar on family separatio‚Ä¶",-0.296,0.0,0.913,0.087
223,@BBCWorld,2018-08-01 14:12:05+00:00,23,How likely are you to survive a plane crash? https://t.co/RouWcuAwgh,-0.4019,0.0,0.748,0.252
323,@CBSNews,2018-08-01 21:01:22+00:00,23,WATCH: Rescuers find dog that survived wildfire by hiding inside an oven https://t.co/CxFdGiYpXo,0.2732,0.2,0.667,0.133
423,@FoxNews,2018-08-01 22:35:41+00:00,23,"Pet pig scares off would-be robbers at Indiana home, police say https://t.co/MlcUjnL3Vy",-0.34,0.0,0.821,0.179
23,@nytimes,2018-08-01 19:30:10+00:00,23,"The Freemason groups of England and Wales addressed the status of transgender people for the first time, saying men‚Ä¶ https://t.co/C7HZktVBgN",0.0,0.0,1.0,0.0
123,@cnn,2018-08-01 22:28:51+00:00,23,A woman says a supermarket called police on her while she was helping a homeless man https://t.co/WyYIq7CEoO https://t.co/GaGWrL9y0M,0.296,0.136,0.864,0.0
22,@nytimes,2018-08-01 19:45:05+00:00,22,"Why is the U.S. Embassy in London auctioning 1,200 rolls of toilet paper? We asked. They explained. https://t.co/SLGH5xEApJ",0.0,0.0,1.0,0.0
322,@CBSNews,2018-08-01 21:14:31+00:00,22,"Walmart, the nation's largest private employer, is facing a potential class-action lawsuit in New York for allegati‚Ä¶ https://t.co/eHcHfzppih",-0.2263,0.0,0.894,0.106
422,@FoxNews,2018-08-01 22:39:18+00:00,22,Ohio State coach Urban Meyer put on leave amid abuse probe of fired assistant https://t.co/15uwFy4l62,-0.8402,0.0,0.571,0.429
122,@cnn,2018-08-01 22:29:15+00:00,22,RT @CNNSitRoom: CNN Exclusive: The TSA is considering eliminating passenger screening at smaller airports https://t.co/KzmLbrT88e https://t‚Ä¶,0.128,0.091,0.909,0.0
222,@BBCWorld,2018-08-01 14:35:31+00:00,22,Zimbabwe election: MDC Alliance supporters in Harare clashes https://t.co/aon26GND5M,0.4404,0.266,0.734,0.0
21,@nytimes,2018-08-01 20:00:06+00:00,21,Google withdrew from China 8 years ago to protest the country's censorship and online hacking. Now the company is b‚Ä¶ https://t.co/vsNVoflKbA,-0.25,0.0,0.905,0.095
121,@cnn,2018-08-01 22:41:08+00:00,21,White House press secretary Sarah Sanders falsely blamed journalists for thwarting US spying on Osama bin Laden jus‚Ä¶ https://t.co/P1neYHn73u,-0.5859,0.0,0.78,0.22
421,@FoxNews,2018-08-01 22:48:12+00:00,21,".@jonathanvswan on firing Mueller: ""There's nothing stopping [@POTUS] from doing it except the fact that he knows f‚Ä¶ https://t.co/Na7oIFx0Ml",-0.2396,0.069,0.816,0.115
221,@BBCWorld,2018-08-01 14:48:28+00:00,21,Tajikistan attack: Four cyclists mown down are identified https://t.co/SgkM9D0G95,-0.4767,0.0,0.721,0.279
321,@CBSNews,2018-08-01 21:30:32+00:00,21,Flights at a Paris airport were delayed Wednesday after a brawl between two French rap stars and their entourages‚Ä¶ https://t.co/s913CJuWlx,-0.2263,0.0,0.899,0.101
420,@FoxNews,2018-08-01 22:57:37+00:00,20,".@jonathanvswan on trade tensions with China: ""[@POTUS is] making a big gamble. His gamble is that he can break Pre‚Ä¶ https://t.co/lAu6FXvmx9",-0.4019,0.0,0.876,0.124
320,@CBSNews,2018-08-01 21:45:00+00:00,20,"A U.S. appeals court says President Trump's executive order threatening to withhold funding from ""sanctuary cities""‚Ä¶ https://t.co/HpdgKeTtFS",-0.5267,0.0,0.815,0.185
120,@cnn,2018-08-01 22:51:04+00:00,20,"LAPD officers had gone 13 years without killing a hostage or bystander while confronting armed suspects.

In the la‚Ä¶ https://t.co/KORV8SMSGC",0.1321,0.15,0.68,0.17
220,@BBCWorld,2018-08-01 15:09:43+00:00,20,"üë£üë£üë£

""Imagine, if you would, a world without feet"" - Commuters in Toronto are getting travel tips from a very famou‚Ä¶ https://t.co/jKGFIm50x4",0.0,0.0,1.0,0.0
20,@nytimes,2018-08-01 20:15:05+00:00,20,Cond√© Nast lost $120 million last year. Now the company plans to put 3 magazines up for sale. https://t.co/hId96CmLmG,-0.3182,0.0,0.881,0.119
119,@cnn,2018-08-01 23:13:15+00:00,19,"Han Solo's jacket -- the one worn by Harrison Ford in the Star Wars Film ""The Empire Strikes Back"" -- could fetch o‚Ä¶ https://t.co/A6q9XwDKrK",-0.8074,0.0,0.717,0.283
319,@CBSNews,2018-08-01 22:01:16+00:00,19,"A caravan of ""grannies"" is traveling 2,000 miles across the U.S. to the border with Mexico to protest family separa‚Ä¶ https://t.co/7APn7HuoXG",-0.25,0.0,0.905,0.095
419,@FoxNews,2018-08-01 23:08:04+00:00,19,"Mueller's office flags alleged illegal foreign lobbying involving Tony Podesta, Vin Weber, Greg Craig https://t.co/QTsYCSRjWg",-0.5994,0.0,0.726,0.274
19,@nytimes,2018-08-01 20:30:10+00:00,19,The 5 largest quarterly stock buybacks on record now all belong to Apple https://t.co/NzFICM2WOJ,0.0,0.0,1.0,0.0
219,@BBCWorld,2018-08-01 16:05:00+00:00,19,Canada's Ontario government cuts basic income project short https://t.co/aqZAvvnxt5,-0.296,0.0,0.784,0.216
318,@CBSNews,2018-08-01 22:19:34+00:00,18,Google reportedly plans a return to China's search market and has been developing a censored version of its search‚Ä¶ https://t.co/HD5p9uKnO5,-0.1531,0.0,0.914,0.086
118,@cnn,2018-08-01 23:14:53+00:00,18,RT @CNNSitRoom: Rep. Stewart on the Paul Manafort trial: ‚ÄúI think it‚Äôs quite unusual for a person who‚Äôs accused of white collar crime to be‚Ä¶,-0.6908,0.0,0.794,0.206
418,@FoxNews,2018-08-01 23:11:21+00:00,18,The @dodpaa hosts an honorable carry ceremony at @JointBasePHH. The flag-draped transfer cases being carried in the‚Ä¶ https://t.co/okdgKVIhRW,0.5423,0.171,0.829,0.0
218,@BBCWorld,2018-08-01 16:19:17+00:00,18,Trump demands Russia probe end 'right now' https://t.co/dxNJ8aL4p4,0.0,0.0,1.0,0.0
18,@nytimes,2018-08-01 20:45:05+00:00,18,"As much as they may loath President Trump, members of the Green Party say several issues ‚Äî including corporate dona‚Ä¶ https://t.co/diKy468Zbf",0.4019,0.124,0.876,0.0
417,@FoxNews,2018-08-01 23:13:00+00:00,17,Twitter CEO says he gets why conservatives are suspicious of Big Tech. https://t.co/x8yk4Ah7fB,-0.3612,0.0,0.828,0.172
317,@CBSNews,2018-08-01 22:40:59+00:00,17,"Stunning new video shows an Aeromexico plane with 103 on board before it crashed in Durango, Mexico. 

Survivors sp‚Ä¶ https://t.co/UHwygz10oE",0.3818,0.12,0.88,0.0
17,@nytimes,2018-08-01 21:01:05+00:00,17,"President Trump may raise tariffs on fish, handbags and other goods from China to 25%, not 10% as planned https://t.co/5XCtI5zXpz",0.0,0.0,1.0,0.0
117,@cnn,2018-08-01 23:16:08+00:00,17,Among the attendees of President Trump's rally in Florida were people holding up signs promoting an online right-wi‚Ä¶ https://t.co/fSO4SkT6mK,0.3612,0.122,0.878,0.0
217,@BBCWorld,2018-08-01 16:36:25+00:00,17,'Disappearance' of top Chinese actress Fan Bingbing concerns fans https://t.co/9PV6o5jmEO,0.4767,0.339,0.661,0.0
116,@cnn,2018-08-01 23:19:10+00:00,16,President Trump's attorney Rudy Giuliani says his team received a response from special counsel Robert Mueller on a‚Ä¶ https://t.co/fIO0HD5fiO,0.4019,0.137,0.863,0.0
316,@CBSNews,2018-08-01 22:43:16+00:00,16,Houston police have identified the suspect in the murder of a cardiologist who once treated president George H.W. B‚Ä¶ https://t.co/RpNIPglIKZ,-0.7845,0.0,0.711,0.289
16,@nytimes,2018-08-01 21:17:19+00:00,16,"RT @rachelswarns: In mid-July, a group of Muslim children attending an Arabic literacy   program decided to swim at their local pool in Del‚Ä¶",0.0,0.0,1.0,0.0
416,@FoxNews,2018-08-01 23:20:15+00:00,16,.@VP makes remarks as @dodpaa hosts an honorable carry ceremony at @JointBasePHH. The flag-draped transfer cases be‚Ä¶ https://t.co/D84WrPAV2C,0.5423,0.171,0.829,0.0
216,@BBCWorld,2018-08-01 16:52:48+00:00,16,In pictures: Zimbabwe election protesters clash with police https://t.co/hgy88mAoSF,-0.2263,0.0,0.808,0.192
115,@cnn,2018-08-01 23:43:35+00:00,15,"Kroger is launching ""Kroger Ship,"" a direct home delivery service, in four cities: Cincinnati, Houston, Louisville,‚Ä¶ https://t.co/CDDaqFkDY8",0.0,0.0,1.0,0.0
315,@CBSNews,2018-08-01 22:47:27+00:00,15,"President Trump called for Attorney General Jeff Sessions to end Robert Mueller's Russia investigation, but White H‚Ä¶ https://t.co/QabDlanMxz",0.0,0.0,1.0,0.0
215,@BBCWorld,2018-08-01 17:12:34+00:00,15,Chinese takeover of German firm Leifeld collapses https://t.co/O4BWWIx6G8,-0.296,0.0,0.761,0.239
415,@FoxNews,2018-08-01 23:25:57+00:00,15,"Democratic Socialist U.S. House candidate Sarah Smith: ""Single-payer systems save money."" #TheStory https://t.co/Zc1wZNOpF6",0.4939,0.211,0.789,0.0
15,@nytimes,2018-08-01 21:32:06+00:00,15,"1931: Black residents are required to submit ‚Äúhealth certificates‚Äù to enter a Pittsburgh pool
1949: 50 black swimme‚Ä¶ https://t.co/4kugwcH73z",0.0,0.0,1.0,0.0
114,@cnn,2018-08-01 23:45:05+00:00,14,Watch $5.5 million worth of luxury cars get smashed as Philippines President Rodrigo Duterte cracks down on smuggli‚Ä¶ https://t.co/Ed4FPtMfTJ,0.2263,0.095,0.905,0.0
14,@nytimes,2018-08-01 21:47:07+00:00,14,You‚Äôre not the only one avoiding the subway in NYC. Ridership has dropped for the second year in a row as New Yorke‚Ä¶ https://t.co/k2AW2zpDES,-0.34,0.0,0.902,0.098
214,@BBCWorld,2018-08-01 17:31:12+00:00,14,French rappers Booba and Kaaris brawl at Paris airport https://t.co/tbvLsBRmef,0.0,0.0,1.0,0.0
414,@FoxNews,2018-08-01 23:26:50+00:00,14,".@VP Pence: ""Some have called the Korean War 'The Forgotten War,' but today we prove these heroes were never forgot‚Ä¶ https://t.co/EiAbdUPEpP",0.3716,0.169,0.683,0.148
314,@CBSNews,2018-08-01 22:50:52+00:00,14,"Officials say the Carr Fire has destroyed more than 1,000 homes, making it the sixth most destructive in California‚Ä¶ https://t.co/meZwjwCSci",-0.8718,0.0,0.632,0.368
113,@cnn,2018-08-01 23:58:41+00:00,13,"Health alert issued for salads and wraps from Kroger, Trader Joe's and Walgreens due to concerns about possible par‚Ä¶ https://t.co/WIFmR2urHj",0.296,0.104,0.896,0.0
13,@nytimes,2018-08-01 22:02:06+00:00,13,"The Fields Medal, bestowed every four years to mathematicians 40 years or younger, is often described as the subjec‚Ä¶ https://t.co/FM38RI537y",0.4767,0.14,0.86,0.0
413,@FoxNews,2018-08-01 23:29:22+00:00,13,".@VP Pence: ""Our work will not be complete until all our fallen heroes are accounted for and home."" https://t.co/UvCasaKfDy",0.2023,0.145,0.746,0.11
213,@BBCWorld,2018-08-01 18:17:26+00:00,13,"""We had just taken off then the plane fell"" ‚Äî passengers on an Aerom√©xico flight that crashed in Mexico describe wh‚Ä¶ https://t.co/qcfy1jW8TL",0.0,0.0,1.0,0.0
313,@CBSNews,2018-08-01 22:56:20+00:00,13,"Penn. is investigating the sexual abuse by priests in 6 Catholic dioceses. With the grand jury report due out soon,‚Ä¶ https://t.co/cOB495o0b0",-0.296,0.119,0.714,0.167
212,@BBCWorld,2018-08-01 18:22:05+00:00,12,Shifted sands reveal Roman settlement in Alderney https://t.co/PcpyAU4wE9,0.0,0.0,1.0,0.0
12,@nytimes,2018-08-01 22:17:16+00:00,12,"RT @nytgraphics: The financial fraud trial of Paul Manafort, Donald J. Trump‚Äôs former campaign manager, opened on Tuesday. Here‚Äôs how he is‚Ä¶",-0.5859,0.0,0.847,0.153
312,@CBSNews,2018-08-01 22:59:55+00:00,12,An ISIS group in central Asia says it killed an American couple that was bike riding around the world. Chip Reid ha‚Ä¶ https://t.co/Fu4TiO6TL5,-0.6705,0.0,0.83,0.17
412,@FoxNews,2018-08-01 23:38:19+00:00,12,".@VP Pence: ""We will never stop striving until every hero lost in the Korean War is home."" https://t.co/Suudj3gA07",-0.1808,0.214,0.545,0.241
112,@cnn,2018-08-02 00:02:40+00:00,12,"For the first time ever, Barbie is wearing a hijab. The new doll, which was announced in November 2017, is modeled‚Ä¶ https://t.co/Qf2jruv4n8",0.0,0.0,1.0,0.0
11,@nytimes,2018-08-01 22:32:11+00:00,11,"Roughly three-dozen firefighters were searching for any remnants of their fallen colleague, Jeremy Stoke ‚Äî a badge,‚Ä¶ https://t.co/927x2dd3kh",-0.3612,0.0,0.857,0.143
411,@FoxNews,2018-08-01 23:38:24+00:00,11,Flag-draped transfer cases are escorted off the plane during the honorable carry ceremony at @JointBasePHH. The tra‚Ä¶ https://t.co/jmrqmobs4B,0.5423,0.171,0.829,0.0
311,@CBSNews,2018-08-01 23:03:34+00:00,11,A 10-year-old named Clark Kent broke a swimming record held by Michael Phelps for 23 years. He also got the attenti‚Ä¶ https://t.co/icpGN3VBfW,-0.4215,0.0,0.872,0.128
211,@BBCWorld,2018-08-01 18:29:39+00:00,11,Ethiopia's exiled patriarch Bishop Merkorios returns https://t.co/91Z5uZ5zyR,0.0,0.0,1.0,0.0
111,@cnn,2018-08-02 00:05:00+00:00,11,"On a hillside in Vietnam, giant hands extend, holding a new steel bridge that has attracted scores of visitors sinc‚Ä¶ https://t.co/J5HX1RPXVu",0.5423,0.209,0.791,0.0
310,@CBSNews,2018-08-01 23:19:31+00:00,10,"French lawmakers approve fines for sex harassment on streets, ban on ""upskirting"" https://t.co/QZBvVo5LNQ https://t.co/bHXYhGJ4b5",-0.7964,0.0,0.628,0.372
410,@FoxNews,2018-08-01 23:46:49+00:00,10,Mueller prosecutors rebuked repeatedly by trial judge with a history of colorful rulings. https://t.co/1uoPzQVQBz,0.0,0.0,1.0,0.0
210,@BBCWorld,2018-08-01 18:45:13+00:00,10,McDonald's serves pregnant Canadian cleaning fluid latte https://t.co/QoFAExuDJN,0.0,0.0,1.0,0.0
110,@cnn,2018-08-02 00:09:54+00:00,10,Chefs Guy Fieri and Jos√© Andr√©s are doing everything they can to help feed the evacuees and first responders to Cal‚Ä¶ https://t.co/IGVEdRTKCA,0.4019,0.114,0.886,0.0
10,@nytimes,2018-08-01 22:47:06+00:00,10,Evening Briefing: Here's what you need to know at the end of the day https://t.co/RSWRTKBwGD,0.0,0.0,1.0,0.0
9,@nytimes,2018-08-01 22:50:48+00:00,9,"RT @NYTSports: Urban Meyer claimed to not know about the accusations, but a report suggests his wife did https://t.co/SkFNLBDl0x",-0.1655,0.0,0.912,0.088
309,@CBSNews,2018-08-01 23:28:41+00:00,9,WATCH NOW: Vice Pence speaks at ceremony in Hawaii as remains of U.S. soldiers who fought in Korean War return home‚Ä¶ https://t.co/OuHX8AieFD,-0.7351,0.0,0.763,0.237
209,@BBCWorld,2018-08-01 19:02:10+00:00,9,US hits Turkish ministers with sanctions over pastor Andrew Brunson https://t.co/jFfrpwyLfe,0.0,0.0,1.0,0.0
409,@FoxNews,2018-08-01 23:53:35+00:00,9,.@VP Pence's guests at the ceremony receiving the remains of Korean War servicemen lost their fathers in the war. https://t.co/eddRpz1toR,-0.8779,0.0,0.627,0.373
109,@cnn,2018-08-02 00:34:54+00:00,9,"To demonstrate Paul Manafort's elaborate spending habits, prosecutors released an image of a $15,000 coat made from‚Ä¶ https://t.co/rq8kt20ocL",0.0,0.0,1.0,0.0
108,@cnn,2018-08-02 00:35:00+00:00,8,"The jacket Harrison Ford wore playing Han Solo in ""The Empire Strikes Back"" is expected to go for $1.3 million at a‚Ä¶ https://t.co/cVD5rSmLNR",-0.1779,0.071,0.83,0.099
408,@FoxNews,2018-08-01 23:59:00+00:00,8,Arkansas man says he planned attack on cop who was accompanied by family. https://t.co/ODuxehBCeO,-0.4767,0.0,0.807,0.193
8,@nytimes,2018-08-01 23:02:08+00:00,8,Ohio State announced that Urban Meyer was being put on paid administrative leave while the university investigates‚Ä¶ https://t.co/BYv8qfSin8,-0.0516,0.0,0.934,0.066
308,@CBSNews,2018-08-01 23:31:46+00:00,8,"""Some have called the Korean War the 'forgotten war,' but today we prove these heroes were never forgotten,"" Pence‚Ä¶ https://t.co/MSMVqUaOWb",0.3716,0.176,0.671,0.154
208,@BBCWorld,2018-08-01 19:31:55+00:00,8,Jewellery thefts that shocked the world https://t.co/rnS0PY4ZlB,-0.3182,0.0,0.723,0.277
407,@FoxNews,2018-08-02 00:13:23+00:00,7,.@VP hails 'tangible progress' with North Korea as remains of presumed Korean War dead arrive in Hawaii https://t.co/c8VIpgXZBe,-0.7506,0.108,0.577,0.315
207,@BBCWorld,2018-08-01 19:48:28+00:00,7,RT @BBCNews: Passengers were forced to evacuate a Ryanair flight after a mobile phone connected to an external battery pack burst into flam‚Ä¶,-0.4588,0.0,0.87,0.13
7,@nytimes,2018-08-01 23:17:03+00:00,7,"RT @jakesilverstein: This weekend‚Äôs @NYTmag is devoted to one story, by @NathanielRich, about a crucial decade in the history of climate ch‚Ä¶",0.4019,0.119,0.881,0.0
107,@cnn,2018-08-02 00:40:42+00:00,7,"RT @AC360: Democratic Sen. Richard Blumenthal: The White House is moving the goalpost for a potential interview with Mueller, because ‚Äúthe‚Ä¶",0.0,0.0,1.0,0.0
307,@CBSNews,2018-08-01 23:33:32+00:00,7,"RT @CBSEveningNews: Aeromexico crash survivor: ""First thing I did was drink a big, big, big shot of tequila. I'm not gonna lie. I went to t‚Ä¶",-0.0516,0.095,0.802,0.103
406,@FoxNews,2018-08-02 00:19:56+00:00,6,New 'Terminator' image features Linda Hamilton in iconic role https://t.co/cEZQizOsJj,0.0,0.0,1.0,0.0
206,@BBCWorld,2018-08-01 20:14:58+00:00,6,New Zealand PM Jacinda Ardern returns from maternity leave https://t.co/n98cTOtfWq,-0.0516,0.0,0.882,0.118
6,@nytimes,2018-08-01 23:32:04+00:00,6,"‚ÄúGod, come to our aid‚Äù: Survivors of the Aeromexico flight that crashed tell their stories https://t.co/nks8AwsKxe",0.0,0.0,1.0,0.0
306,@CBSNews,2018-08-01 23:34:21+00:00,6,"""We see today as tangible progress in our attempts to achieve peace [with North Korea], but today's just the beginn‚Ä¶ https://t.co/7zbfxRf74p",0.4854,0.179,0.821,0.0
106,@cnn,2018-08-02 00:41:07+00:00,6,The heads of the Senate Intelligence Committee said they're in discussions about providing a transcript of Maria Bu‚Ä¶ https://t.co/obyEoaWQPZ,0.4767,0.154,0.846,0.0
105,@cnn,2018-08-02 00:41:52+00:00,5,"RT @OutFrontCNN: ""Donald Trump is supposed to be defending our country, instead he's busy defending Vladimir Putin and attacking our own in‚Ä¶",-0.4588,0.0,0.875,0.125
5,@nytimes,2018-08-01 23:47:03+00:00,5,Democratic congressional candidates around the U.S. are putting a health care message at the center of their campai‚Ä¶ https://t.co/6frr9DPzui,0.4939,0.158,0.842,0.0
405,@FoxNews,2018-08-02 00:28:15+00:00,5,California Safeway calls cops on woman donating food to homeless man https://t.co/obcclpUxoq,0.0,0.0,1.0,0.0
305,@CBSNews,2018-08-01 23:38:54+00:00,5,"""We pledge to you that we will never stop striving until every hero lost in the Korean war is home,"" says VP Mike P‚Ä¶ https://t.co/vvVofe4zsM",-0.1808,0.168,0.642,0.19
205,@BBCWorld,2018-08-01 20:56:18+00:00,5,The moment a passenger plane crashed in Mexico has been captured on video ‚Äî thankfully all 103 people on board surv‚Ä¶ https://t.co/w2xVUcDz5I,0.4215,0.128,0.872,0.0
404,@FoxNews,2018-08-02 00:35:33+00:00,4,"Florida woman arrested after leaving 6 kids ‚Äòinfested with lice‚Äô at home, police say https://t.co/5yCpSlCq9B",-0.4767,0.0,0.807,0.193
304,@CBSNews,2018-08-01 23:43:02+00:00,4,WATCH: Remains of the fallen U.S. soldiers from Korean War escorted by military personnel. https://t.co/Ivxbw4u3zr https://t.co/1wrRn0epnI,-0.7506,0.0,0.686,0.314
4,@nytimes,2018-08-02 00:02:02+00:00,4,"Tesla said that it was still on pace to turn a profit later this year, after a quarter in which it continued to bur‚Ä¶ https://t.co/XA1Y8nnGjm",0.4404,0.116,0.884,0.0
204,@BBCWorld,2018-08-01 22:40:25+00:00,4,Officer wins suit over claim he was mocked for black ancestry https://t.co/Xh20oNQpfW,0.34,0.231,0.625,0.144
104,@cnn,2018-08-02 00:51:06+00:00,4,"Hundreds of demonstrators gathered in Copenhagen, Denmark, wearing burqas and other face veils to protest a law aga‚Ä¶ https://t.co/XmE3eW2f48",-0.25,0.0,0.895,0.105
203,@BBCWorld,2018-08-01 23:08:37+00:00,3,Russia shocked by mysterious murder of three journalists in CAR https://t.co/85gLbMFKk2,-0.7906,0.0,0.562,0.438
303,@CBSNews,2018-08-02 00:04:41+00:00,3,"Medal known as ""Nobel for mathematics"" stolen minutes after awarded to refugee https://t.co/m1wixJ6ETE https://t.co/goItByd62T",0.3818,0.29,0.55,0.16
403,@FoxNews,2018-08-02 00:46:58+00:00,3,RT @FoxBusiness: .@cvpayne provides an after hours stock update as markets were mixed on Fed and trade concerns. https://t.co/wswT3qqtW3 ht‚Ä¶,0.0,0.0,1.0,0.0
103,@cnn,2018-08-02 01:01:00+00:00,3,Huawei overtakes Apple to become the world‚Äôs second largest smartphone seller despite not having a presence in the‚Ä¶ https://t.co/zqr3Mu0qgT,0.0,0.0,1.0,0.0
3,@nytimes,2018-08-02 00:17:03+00:00,3,"RT @NYTStyles: ""In its current form, wellness isn‚Äôt filling in the gaps left by medicine. It‚Äôs exploiting them."" ‚Äî @DrJenGunter https://t.c‚Ä¶",0.0,0.122,0.756,0.122
402,@FoxNews,2018-08-02 00:50:01+00:00,2,'That's the Point of Government': WA 'Democratic Socialist' US House Candidate Defends Platform https://t.co/IsoA9guuPP,0.0,0.0,1.0,0.0
102,@cnn,2018-08-02 01:01:05+00:00,2,Donald Trump is averaging 7.6 mistruths a day | Analysis by @CillizzaCNN https://t.co/beM2XrzSd3,0.0,0.0,1.0,0.0
202,@BBCWorld,2018-08-01 23:11:21+00:00,2,The European populists monitoring 'sham' elections https://t.co/AKzn57XRiz,0.0,0.0,1.0,0.0
2,@nytimes,2018-08-02 00:32:02+00:00,2,"The best TV shows and movies new to Netflix, Amazon and more in August https://t.co/DxRIesXB0P",0.7096,0.312,0.688,0.0
302,@CBSNews,2018-08-02 00:25:15+00:00,2,Police ID suspect in killing of George H.W. Bush's doctor https://t.co/dIwuyWL60N https://t.co/zSRINMvcQi,-0.765,0.0,0.602,0.398
301,@CBSNews,2018-08-02 00:44:55+00:00,1,Employee at shelter for immigrant kids accused of molesting girl https://t.co/esyFtn9MCL https://t.co/4bYS2UgrEw,-0.7184,0.0,0.625,0.375
401,@FoxNews,2018-08-02 01:06:27+00:00,1,"""Today, we prove these heroes were never forgotten.""

@VP Pence‚Äã spoke at a ceremony Wednesday as remains, believed‚Ä¶ https://t.co/jRe3zuNykV",0.5106,0.163,0.837,0.0
201,@BBCWorld,2018-08-01 23:45:14+00:00,1,Toddler mauled by dog dies in Australia https://t.co/0bfD4QMvrO,0.0,0.0,1.0,0.0
101,@cnn,2018-08-02 01:01:55+00:00,1,Vice President Mike Pence greeted 55 flag-draped cases of what are believed to be the remains of American service m‚Ä¶ https://t.co/zg2CaLlC2f,0.2732,0.095,0.905,0.0
1,@nytimes,2018-08-02 00:47:05+00:00,1,From @nytimestravel: A guide to 10 cities where you can have an upscale trip without paying top dollar https://t.co/2HFxU7e85E,-0.1511,0.0,0.914,0.086
300,@CBSNews,2018-08-02 01:04:30+00:00,0,"Spotify removes episodes of podcast hosted by Alex Jones, says they include hate speech https://t.co/yczjj3RubJ https://t.co/raovydqqO2",-0.5719,0.0,0.802,0.198
200,@BBCWorld,2018-08-02 00:00:24+00:00,0,The bean at the heart of America's trade war https://t.co/nAZsK178Bt,-0.5994,0.0,0.698,0.302
400,@FoxNews,2018-08-02 01:07:59+00:00,0,".@dbongino on Manafort trial: ""Paul Manafort is guilty of something, he's guilty of helping @realDonaldTrump win an‚Ä¶ https://t.co/LApgHTWcOa",0.1027,0.234,0.547,0.219
100,@cnn,2018-08-02 01:02:09+00:00,0,RT @CNNPolitics: Vice President Mike Pence receives the possible remains of Americans killed in the Korean War https://t.co/uNyVkFv8V3 http‚Ä¶,-0.8555,0.0,0.669,0.331
0,@nytimes,2018-08-02 01:02:02+00:00,0,Evening Briefing: Here's what you need to know at the end of the day https://t.co/pGnyegNxFm,0.0,0.0,1.0,0.0
